experiment,layout,grid,obstacle_density,sigma,weight_scale,H,direct_conn,success_rate,avg_rcp,avg_rcp_success,R,R_effective,T,active_cells,avg_conf_success,avg_final_conf,avg_sat_count_success,avg_steps,avg_steps_success,conditional_success,feasible_rate,final_confidence,max_steps,mean_best_acc,mean_best_mse,mean_detour_success,mean_path_success,mode,mode_variant,n_effective,rcp,snr,steps,success,trial,trial_seed,trials
A,random,10,0.1,0.1,,,,,,22500.0,5,,0.2,,0.6774307625974457,,0.0,,50,1.0,1.0,,,,,1.0,18,,,,,,,,,,100
A,random,10,0.2,0.1,,,,,,22500.0,5,,0.2,,0.7252765270927476,,0.0,,50,1.0,1.0,,,,,1.0,18,,,,,,,,,,100
A,random,10,0.3,0.1,,,,,,22850.0,5,,0.2,,0.8544293487034061,,0.0,,50,1.0,1.0,,,,,1.0,18.28,,,,,,,,,,100
B,,,,0.0,1.0,,,1.00,396.0,,3,3,0.2,,,0.999,,11.0,,,,,50,,,,,,wbit,1,,,,,,,50
B,,,,0.1,1.0,,,1.00,396.0,,3,3,0.2,,,0.999,,11.0,,,,,50,,,,,,wbit,1,,,,,,,50
B,,,,0.2,1.0,,,1.00,396.0,,3,3,0.2,,,0.999,,11.0,,,,,50,,,,,,wbit,1,,,,,,,50
B,,,,0.3,1.0,,,1.00,395.3,,3,3,0.2,,,0.999,,11.0,,,,,50,,,,,,wbit,1,,,,,,,50
B,,,,0.4,1.0,,,1.00,395.3,,3,3,0.2,,,0.999,,11.0,,,,,50,,,,,,wbit,1,,,,,,,50
B,,,,0.5,1.0,,,1.00,394.6,,3,3,0.2,,,0.999,,11.0,,,,,50,,,,,,wbit,1,,,,,,,50
B,,,,0.6,1.0,,,1.00,394.6,,3,3,0.2,,,0.999,,11.0,,,,,50,,,,,,wbit,1,,,,,,,50
B,,,,0.7,1.0,,,1.00,391.7,,3,3,0.2,,,0.999,,10.9,,,,,50,,,,,,wbit,1,,,,,,,50
B,,,,0.8,1.0,,,1.00,396.0,,3,3,0.2,,,0.999,,11.0,,,,,50,,,,,,wbit,1,,,,,,,50
B,,,,0.9,1.0,,,1.00,398.9,,3,3,0.2,,,0.999,,11.1,,,,,50,,,,,,wbit,1,,,,,,,50
B,,,,1.0,1.0,,,1.00,393.8,,3,3,0.2,,,0.999,,10.9,,,,,50,,,,,,wbit,1,,,,,,,50
B,,,,1.1,1.0,,,1.00,408.2,,3,3,0.2,,,0.999,,11.3,,,,,50,,,,,,wbit,1,,,,,,,50
B,,,,1.2,1.0,,,1.00,407.5,,3,3,0.2,,,0.999,,11.3,,,,,50,,,,,,wbit,1,,,,,,,50
B,,,,1.3,1.0,,,1.00,439.9,,3,3,0.2,,,0.999,,12.2,,,,,50,,,,,,wbit,1,,,,,,,50
B,,,,1.4,1.0,,,1.00,434.9,,3,3,0.2,,,0.999,,12.1,,,,,50,,,,,,wbit,1,,,,,,,50
B,,,,1.5,1.0,,,1.00,483.1,,3,3,0.2,,,0.999,,13.4,,,,,50,,,,,,wbit,1,,,,,,,50
B,,,,1.6,1.0,,,1.00,550.8,,3,3,0.2,,,0.999,,15.3,,,,,50,,,,,,wbit,1,,,,,,,50
B,,,,1.7,1.0,,,1.00,596.2,,3,3,0.2,,,0.999,,16.6,,,,,50,,,,,,wbit,1,,,,,,,50
B,,,,1.8,1.0,,,1.00,540.7,,3,3,0.2,,,0.999,,15.0,,,,,50,,,,,,wbit,1,,,,,,,50
B,,,,1.9,1.0,,,0.98,655.2,,3,3,0.2,,,0.995,,18.2,,,,,50,,,,,,wbit,1,,,,,,,50
B,,,,2.0,1.0,,,1.00,688.3,,3,3,0.2,,,0.999,,19.1,,,,,50,,,,,,wbit,1,,,,,,,50
B,,,,0.0,0.5,,,1.00,396.0,,3,3,0.2,,,0.999,,11.0,,,,,50,,,,,,wbit,1,,,,,,,50
B,,,,0.1,0.5,,,1.00,396.0,,3,3,0.2,,,0.999,,11.0,,,,,50,,,,,,wbit,1,,,,,,,50
B,,,,0.2,0.5,,,1.00,396.0,,3,3,0.2,,,0.999,,11.0,,,,,50,,,,,,wbit,1,,,,,,,50
B,,,,0.3,0.5,,,1.00,396.0,,3,3,0.2,,,0.999,,11.0,,,,,50,,,,,,wbit,1,,,,,,,50
B,,,,0.4,0.5,,,1.00,406.1,,3,3,0.2,,,0.999,,11.3,,,,,50,,,,,,wbit,1,,,,,,,50
B,,,,0.5,0.5,,,1.00,418.3,,3,3,0.2,,,0.999,,11.6,,,,,50,,,,,,wbit,1,,,,,,,50
B,,,,0.6,0.5,,,1.00,468.0,,3,3,0.2,,,0.999,,13.0,,,,,50,,,,,,wbit,1,,,,,,,50
B,,,,0.7,0.5,,,1.00,539.3,,3,3,0.2,,,0.999,,15.0,,,,,50,,,,,,wbit,1,,,,,,,50
B,,,,0.8,0.5,,,1.00,601.2,,3,3,0.2,,,0.999,,16.7,,,,,50,,,,,,wbit,1,,,,,,,50
B,,,,0.9,0.5,,,1.00,728.6,,3,3,0.2,,,0.999,,20.2,,,,,50,,,,,,wbit,1,,,,,,,50
B,,,,1.0,0.5,,,1.00,1000.8,,3,3,0.2,,,0.998,,27.8,,,,,50,,,,,,wbit,1,,,,,,,50
B,,,,1.1,0.5,,,0.92,1129.7,,3,3,0.2,,,0.982,,31.4,,,,,50,,,,,,wbit,1,,,,,,,50
B,,,,1.2,0.5,,,0.80,1225.4,,3,3,0.2,,,0.937,,34.0,,,,,50,,,,,,wbit,1,,,,,,,50
B,,,,1.3,0.5,,,0.68,1386.7,,3,3,0.2,,,0.914,,38.5,,,,,50,,,,,,wbit,1,,,,,,,50
B,,,,1.4,0.5,,,0.74,1356.5,,3,3,0.2,,,0.903,,37.7,,,,,50,,,,,,wbit,1,,,,,,,50
B,,,,1.5,0.5,,,0.66,1517.8,,3,3,0.2,,,0.885,,42.2,,,,,50,,,,,,wbit,1,,,,,,,50
B,,,,1.6,0.5,,,0.56,1568.2,,3,3,0.2,,,0.875,,43.6,,,,,50,,,,,,wbit,1,,,,,,,50
B,,,,1.7,0.5,,,0.54,1612.1,,3,3,0.2,,,0.849,,44.8,,,,,50,,,,,,wbit,1,,,,,,,50
B,,,,1.8,0.5,,,0.54,1687.7,,3,3,0.2,,,0.832,,46.9,,,,,50,,,,,,wbit,1,,,,,,,50
B,,,,1.9,0.5,,,0.38,1709.3,,3,3,0.2,,,0.784,,47.5,,,,,50,,,,,,wbit,1,,,,,,,50
B,,,,2.0,0.5,,,0.38,1717.2,,3,3,0.2,,,0.783,,47.7,,,,,50,,,,,,wbit,1,,,,,,,50
B,,,,0.0,0.2,,,1.00,427.7,,3,3,0.2,,,0.986,,11.9,,,,,50,,,,,,wbit,1,,,,,,,50
B,,,,0.1,0.2,,,1.00,1064.9,,3,3,0.2,,,0.986,,29.6,,,,,50,,,,,,wbit,1,,,,,,,50
B,,,,0.2,0.2,,,0.94,1537.9,,3,3,0.2,,,0.968,,42.7,,,,,50,,,,,,wbit,1,,,,,,,50
B,,,,0.3,0.2,,,0.82,1689.8,,3,3,0.2,,,0.938,,46.9,,,,,50,,,,,,wbit,1,,,,,,,50
B,,,,0.4,0.2,,,0.66,1766.9,,3,3,0.2,,,0.900,,49.1,,,,,50,,,,,,wbit,1,,,,,,,50
B,,,,0.5,0.2,,,0.42,1725.8,,3,3,0.2,,,0.856,,47.9,,,,,50,,,,,,wbit,1,,,,,,,50
B,,,,0.6,0.2,,,0.46,1768.3,,3,3,0.2,,,0.816,,49.1,,,,,50,,,,,,wbit,1,,,,,,,50
B,,,,0.7,0.2,,,0.18,1781.3,,3,3,0.2,,,0.702,,49.5,,,,,50,,,,,,wbit,1,,,,,,,50
B,,,,0.8,0.2,,,0.26,1789.9,,3,3,0.2,,,0.729,,49.7,,,,,50,,,,,,wbit,1,,,,,,,50
B,,,,0.9,0.2,,,0.20,1800.0,,3,3,0.2,,,0.732,,50.0,,,,,50,,,,,,wbit,1,,,,,,,50
B,,,,1.0,0.2,,,0.18,1752.5,,3,3,0.2,,,0.689,,48.7,,,,,50,,,,,,wbit,1,,,,,,,50
B,,,,1.1,0.2,,,0.10,1800.0,,3,3,0.2,,,0.679,,50.0,,,,,50,,,,,,wbit,1,,,,,,,50
B,,,,1.2,0.2,,,0.10,1800.0,,3,3,0.2,,,0.648,,50.0,,,,,50,,,,,,wbit,1,,,,,,,50
B,,,,1.3,0.2,,,0.08,1800.0,,3,3,0.2,,,0.684,,50.0,,,,,50,,,,,,wbit,1,,,,,,,50
B,,,,1.4,0.2,,,0.08,1800.0,,3,3,0.2,,,0.654,,50.0,,,,,50,,,,,,wbit,1,,,,,,,50
B,,,,1.5,0.2,,,0.06,1800.0,,3,3,0.2,,,0.644,,50.0,,,,,50,,,,,,wbit,1,,,,,,,50
B,,,,1.6,0.2,,,0.04,1800.0,,3,3,0.2,,,0.637,,50.0,,,,,50,,,,,,wbit,1,,,,,,,50
B,,,,1.7,0.2,,,0.04,1800.0,,3,3,0.2,,,0.645,,50.0,,,,,50,,,,,,wbit,1,,,,,,,50
B,,,,1.8,0.2,,,0.02,1800.0,,3,3,0.2,,,0.634,,50.0,,,,,50,,,,,,wbit,1,,,,,,,50
B,,,,1.9,0.2,,,0.04,1800.0,,3,3,0.2,,,0.639,,50.0,,,,,50,,,,,,wbit,1,,,,,,,50
B,,,,2.0,0.2,,,0.02,1800.0,,3,3,0.2,,,0.633,,50.0,,,,,50,,,,,,wbit,1,,,,,,,50
B,,,,0.0,0.1,,,0.00,432.0,,3,3,0.2,,,0.858,,12.0,,,,,50,,,,,,wbit,1,,,,,,,50
B,,,,0.1,0.1,,,0.08,1764.0,,3,3,0.2,,,0.835,,49.0,,,,,50,,,,,,wbit,1,,,,,,,50
B,,,,0.2,0.1,,,0.06,1800.0,,3,3,0.2,,,0.760,,50.0,,,,,50,,,,,,wbit,1,,,,,,,50
B,,,,0.3,0.1,,,0.14,1800.0,,3,3,0.2,,,0.724,,50.0,,,,,50,,,,,,wbit,1,,,,,,,50
B,,,,0.4,0.1,,,0.02,1800.0,,3,3,0.2,,,0.663,,50.0,,,,,50,,,,,,wbit,1,,,,,,,50
B,,,,0.5,0.1,,,0.06,1800.0,,3,3,0.2,,,0.677,,50.0,,,,,50,,,,,,wbit,1,,,,,,,50
B,,,,0.6,0.1,,,0.06,1800.0,,3,3,0.2,,,0.623,,50.0,,,,,50,,,,,,wbit,1,,,,,,,50
B,,,,0.7,0.1,,,0.06,1800.0,,3,3,0.2,,,0.628,,50.0,,,,,50,,,,,,wbit,1,,,,,,,50
B,,,,0.8,0.1,,,0.00,1800.0,,3,3,0.2,,,0.604,,50.0,,,,,50,,,,,,wbit,1,,,,,,,50
B,,,,0.9,0.1,,,0.02,1800.0,,3,3,0.2,,,0.628,,50.0,,,,,50,,,,,,wbit,1,,,,,,,50
B,,,,1.0,0.1,,,0.02,1800.0,,3,3,0.2,,,0.644,,50.0,,,,,50,,,,,,wbit,1,,,,,,,50
B,,,,1.1,0.1,,,0.02,1800.0,,3,3,0.2,,,0.606,,50.0,,,,,50,,,,,,wbit,1,,,,,,,50
B,,,,1.2,0.1,,,0.00,1800.0,,3,3,0.2,,,0.602,,50.0,,,,,50,,,,,,wbit,1,,,,,,,50
B,,,,1.3,0.1,,,0.00,1800.0,,3,3,0.2,,,0.587,,50.0,,,,,50,,,,,,wbit,1,,,,,,,50
B,,,,1.4,0.1,,,0.00,1800.0,,3,3,0.2,,,0.603,,50.0,,,,,50,,,,,,wbit,1,,,,,,,50
B,,,,1.5,0.1,,,0.00,1800.0,,3,3,0.2,,,0.588,,50.0,,,,,50,,,,,,wbit,1,,,,,,,50
B,,,,1.6,0.1,,,0.02,1800.0,,3,3,0.2,,,0.587,,50.0,,,,,50,,,,,,wbit,1,,,,,,,50
B,,,,1.7,0.1,,,0.00,1800.0,,3,3,0.2,,,0.585,,50.0,,,,,50,,,,,,wbit,1,,,,,,,50
B,,,,1.8,0.1,,,0.00,1800.0,,3,3,0.2,,,0.568,,50.0,,,,,50,,,,,,wbit,1,,,,,,,50
B,,,,1.9,0.1,,,0.04,1800.0,,3,3,0.2,,,0.594,,50.0,,,,,50,,,,,,wbit,1,,,,,,,50
B,,,,2.0,0.1,,,0.00,1800.0,,3,3,0.2,,,0.567,,50.0,,,,,50,,,,,,wbit,1,,,,,,,50
B,,,,0.0,0.05,,,0.00,432.0,,3,3,0.2,,,0.635,,12.0,,,,,50,,,,,,wbit,1,,,,,,,50
B,,,,0.1,0.05,,,0.00,1800.0,,3,3,0.2,,,0.629,,50.0,,,,,50,,,,,,wbit,1,,,,,,,50
B,,,,0.2,0.05,,,0.00,1800.0,,3,3,0.2,,,0.579,,50.0,,,,,50,,,,,,wbit,1,,,,,,,50
B,,,,0.3,0.05,,,0.02,1800.0,,3,3,0.2,,,0.588,,50.0,,,,,50,,,,,,wbit,1,,,,,,,50
B,,,,0.4,0.05,,,0.00,1800.0,,3,3,0.2,,,0.574,,50.0,,,,,50,,,,,,wbit,1,,,,,,,50
B,,,,0.5,0.05,,,0.00,1800.0,,3,3,0.2,,,0.569,,50.0,,,,,50,,,,,,wbit,1,,,,,,,50
B,,,,0.6,0.05,,,0.00,1800.0,,3,3,0.2,,,0.552,,50.0,,,,,50,,,,,,wbit,1,,,,,,,50
B,,,,0.7,0.05,,,0.00,1800.0,,3,3,0.2,,,0.547,,50.0,,,,,50,,,,,,wbit,1,,,,,,,50
B,,,,0.8,0.05,,,0.00,1800.0,,3,3,0.2,,,0.578,,50.0,,,,,50,,,,,,wbit,1,,,,,,,50
B,,,,0.9,0.05,,,0.00,1800.0,,3,3,0.2,,,0.546,,50.0,,,,,50,,,,,,wbit,1,,,,,,,50
B,,,,1.0,0.05,,,0.00,1800.0,,3,3,0.2,,,0.567,,50.0,,,,,50,,,,,,wbit,1,,,,,,,50
B,,,,1.1,0.05,,,0.00,1800.0,,3,3,0.2,,,0.586,,50.0,,,,,50,,,,,,wbit,1,,,,,,,50
B,,,,1.2,0.05,,,0.00,1800.0,,3,3,0.2,,,0.588,,50.0,,,,,50,,,,,,wbit,1,,,,,,,50
B,,,,1.3,0.05,,,0.00,1800.0,,3,3,0.2,,,0.536,,50.0,,,,,50,,,,,,wbit,1,,,,,,,50
B,,,,1.4,0.05,,,0.00,1800.0,,3,3,0.2,,,0.543,,50.0,,,,,50,,,,,,wbit,1,,,,,,,50
B,,,,1.5,0.05,,,0.00,1800.0,,3,3,0.2,,,0.598,,50.0,,,,,50,,,,,,wbit,1,,,,,,,50
B,,,,1.6,0.05,,,0.00,1800.0,,3,3,0.2,,,0.598,,50.0,,,,,50,,,,,,wbit,1,,,,,,,50
B,,,,1.7,0.05,,,0.00,1800.0,,3,3,0.2,,,0.582,,50.0,,,,,50,,,,,,wbit,1,,,,,,,50
B,,,,1.8,0.05,,,0.00,1800.0,,3,3,0.2,,,0.562,,50.0,,,,,50,,,,,,wbit,1,,,,,,,50
B,,,,1.9,0.05,,,0.00,1800.0,,3,3,0.2,,,0.584,,50.0,,,,,50,,,,,,wbit,1,,,,,,,50
B,,,,2.0,0.05,,,0.00,1800.0,,3,3,0.2,,,0.560,,50.0,,,,,50,,,,,,wbit,1,,,,,,,50
B_noise,,,,0.0,1.0,,,,,,3,3,0.2,4,,,,,,,,0.9992,50,,,,,wbit,wbit,1,396.00,999.00,11,1,0,42,
B_noise,,,,0.0,1.0,,,,,,3,3,0.2,4,,,,,,,,0.9992,50,,,,,wbit,wbit,1,396.00,999.00,11,1,1,43,
B_noise,,,,0.0,1.0,,,,,,3,3,0.2,4,,,,,,,,0.9991,50,,,,,wbit,wbit,1,396.00,999.00,11,1,2,44,
B_noise,,,,0.0,1.0,,,,,,3,3,0.2,4,,,,,,,,0.9991,50,,,,,wbit,wbit,1,396.00,999.00,11,1,3,45,
B_noise,,,,0.0,1.0,,,,,,3,3,0.2,4,,,,,,,,0.9991,50,,,,,wbit,wbit,1,396.00,999.00,11,1,4,46,
B_noise,,,,0.0,1.0,,,,,,3,3,0.2,4,,,,,,,,0.9991,50,,,,,wbit,wbit,1,396.00,999.00,11,1,5,47,
B_noise,,,,0.0,1.0,,,,,,3,3,0.2,4,,,,,,,,0.9992,50,,,,,wbit,wbit,1,396.00,999.00,11,1,6,48,
B_noise,,,,0.0,1.0,,,,,,3,3,0.2,4,,,,,,,,0.9991,50,,,,,wbit,wbit,1,396.00,999.00,11,1,7,49,
B_noise,,,,0.0,1.0,,,,,,3,3,0.2,4,,,,,,,,0.9991,50,,,,,wbit,wbit,1,396.00,999.00,11,1,8,50,
B_noise,,,,0.0,1.0,,,,,,3,3,0.2,4,,,,,,,,0.9991,50,,,,,wbit,wbit,1,396.00,999.00,11,1,9,51,
B_noise,,,,0.0,1.0,,,,,,3,3,0.2,4,,,,,,,,0.9993,50,,,,,wbit,wbit,1,396.00,999.00,11,1,10,52,
B_noise,,,,0.0,1.0,,,,,,3,3,0.2,4,,,,,,,,0.9991,50,,,,,wbit,wbit,1,396.00,999.00,11,1,11,53,
B_noise,,,,0.0,1.0,,,,,,3,3,0.2,4,,,,,,,,0.9992,50,,,,,wbit,wbit,1,396.00,999.00,11,1,12,54,
B_noise,,,,0.0,1.0,,,,,,3,3,0.2,4,,,,,,,,0.9992,50,,,,,wbit,wbit,1,396.00,999.00,11,1,13,55,
B_noise,,,,0.0,1.0,,,,,,3,3,0.2,4,,,,,,,,0.9991,50,,,,,wbit,wbit,1,396.00,999.00,11,1,14,56,
B_noise,,,,0.0,1.0,,,,,,3,3,0.2,4,,,,,,,,0.9991,50,,,,,wbit,wbit,1,396.00,999.00,11,1,15,57,
B_noise,,,,0.0,1.0,,,,,,3,3,0.2,4,,,,,,,,0.9991,50,,,,,wbit,wbit,1,396.00,999.00,11,1,16,58,
B_noise,,,,0.0,1.0,,,,,,3,3,0.2,4,,,,,,,,0.9991,50,,,,,wbit,wbit,1,396.00,999.00,11,1,17,59,
B_noise,,,,0.0,1.0,,,,,,3,3,0.2,4,,,,,,,,0.9991,50,,,,,wbit,wbit,1,396.00,999.00,11,1,18,60,
B_noise,,,,0.0,1.0,,,,,,3,3,0.2,4,,,,,,,,0.9991,50,,,,,wbit,wbit,1,396.00,999.00,11,1,19,61,
B_noise,,,,0.0,1.0,,,,,,3,3,0.2,4,,,,,,,,0.9993,50,,,,,wbit,wbit,1,396.00,999.00,11,1,20,62,
B_noise,,,,0.0,1.0,,,,,,3,3,0.2,4,,,,,,,,0.9991,50,,,,,wbit,wbit,1,396.00,999.00,11,1,21,63,
B_noise,,,,0.0,1.0,,,,,,3,3,0.2,4,,,,,,,,0.9991,50,,,,,wbit,wbit,1,396.00,999.00,11,1,22,64,
B_noise,,,,0.0,1.0,,,,,,3,3,0.2,4,,,,,,,,0.9991,50,,,,,wbit,wbit,1,396.00,999.00,11,1,23,65,
B_noise,,,,0.0,1.0,,,,,,3,3,0.2,4,,,,,,,,0.9991,50,,,,,wbit,wbit,1,396.00,999.00,11,1,24,66,
B_noise,,,,0.0,1.0,,,,,,3,3,0.2,4,,,,,,,,0.9994,50,,,,,wbit,wbit,1,396.00,999.00,11,1,25,67,
B_noise,,,,0.0,1.0,,,,,,3,3,0.2,4,,,,,,,,0.9991,50,,,,,wbit,wbit,1,396.00,999.00,11,1,26,68,
B_noise,,,,0.0,1.0,,,,,,3,3,0.2,4,,,,,,,,0.9991,50,,,,,wbit,wbit,1,396.00,999.00,11,1,27,69,
B_noise,,,,0.0,1.0,,,,,,3,3,0.2,4,,,,,,,,0.9991,50,,,,,wbit,wbit,1,396.00,999.00,11,1,28,70,
B_noise,,,,0.0,1.0,,,,,,3,3,0.2,4,,,,,,,,0.9991,50,,,,,wbit,wbit,1,396.00,999.00,11,1,29,71,
B_noise,,,,0.0,1.0,,,,,,3,3,0.2,4,,,,,,,,0.9993,50,,,,,wbit,wbit,1,396.00,999.00,11,1,30,72,
B_noise,,,,0.0,1.0,,,,,,3,3,0.2,4,,,,,,,,0.9991,50,,,,,wbit,wbit,1,396.00,999.00,11,1,31,73,
B_noise,,,,0.0,1.0,,,,,,3,3,0.2,4,,,,,,,,0.9991,50,,,,,wbit,wbit,1,396.00,999.00,11,1,32,74,
B_noise,,,,0.0,1.0,,,,,,3,3,0.2,4,,,,,,,,0.9991,50,,,,,wbit,wbit,1,396.00,999.00,11,1,33,75,
B_noise,,,,0.0,1.0,,,,,,3,3,0.2,4,,,,,,,,0.9991,50,,,,,wbit,wbit,1,396.00,999.00,11,1,34,76,
B_noise,,,,0.0,1.0,,,,,,3,3,0.2,4,,,,,,,,0.9991,50,,,,,wbit,wbit,1,396.00,999.00,11,1,35,77,
B_noise,,,,0.0,1.0,,,,,,3,3,0.2,4,,,,,,,,0.9991,50,,,,,wbit,wbit,1,396.00,999.00,11,1,36,78,
B_noise,,,,0.0,1.0,,,,,,3,3,0.2,4,,,,,,,,0.9991,50,,,,,wbit,wbit,1,396.00,999.00,11,1,37,79,
B_noise,,,,0.0,1.0,,,,,,3,3,0.2,4,,,,,,,,0.9991,50,,,,,wbit,wbit,1,396.00,999.00,11,1,38,80,
B_noise,,,,0.0,1.0,,,,,,3,3,0.2,4,,,,,,,,0.9991,50,,,,,wbit,wbit,1,396.00,999.00,11,1,39,81,
B_noise,,,,0.0,1.0,,,,,,3,3,0.2,4,,,,,,,,0.9991,50,,,,,wbit,wbit,1,396.00,999.00,11,1,40,82,
B_noise,,,,0.0,1.0,,,,,,3,3,0.2,4,,,,,,,,0.9991,50,,,,,wbit,wbit,1,396.00,999.00,11,1,41,83,
B_noise,,,,0.0,1.0,,,,,,3,3,0.2,4,,,,,,,,0.9991,50,,,,,wbit,wbit,1,396.00,999.00,11,1,42,84,
B_noise,,,,0.0,1.0,,,,,,3,3,0.2,4,,,,,,,,0.9991,50,,,,,wbit,wbit,1,396.00,999.00,11,1,43,85,
B_noise,,,,0.0,1.0,,,,,,3,3,0.2,4,,,,,,,,0.9992,50,,,,,wbit,wbit,1,396.00,999.00,11,1,44,86,
B_noise,,,,0.0,1.0,,,,,,3,3,0.2,4,,,,,,,,0.9991,50,,,,,wbit,wbit,1,396.00,999.00,11,1,45,87,
B_noise,,,,0.0,1.0,,,,,,3,3,0.2,4,,,,,,,,0.9991,50,,,,,wbit,wbit,1,396.00,999.00,11,1,46,88,
B_noise,,,,0.0,1.0,,,,,,3,3,0.2,4,,,,,,,,0.9994,50,,,,,wbit,wbit,1,396.00,999.00,11,1,47,89,
B_noise,,,,0.0,1.0,,,,,,3,3,0.2,4,,,,,,,,0.9991,50,,,,,wbit,wbit,1,396.00,999.00,11,1,48,90,
B_noise,,,,0.0,1.0,,,,,,3,3,0.2,4,,,,,,,,0.9992,50,,,,,wbit,wbit,1,396.00,999.00,11,1,49,91,
B_noise,,,,0.0,1.0,,,,,,3,3,0.2,4,,,,,,,,0.9991,50,,,,,wbit,wbit,1,396.00,999.00,11,1,50,92,
B_noise,,,,0.0,1.0,,,,,,3,3,0.2,4,,,,,,,,0.9991,50,,,,,wbit,wbit,1,396.00,999.00,11,1,51,93,
B_noise,,,,0.0,1.0,,,,,,3,3,0.2,4,,,,,,,,0.9991,50,,,,,wbit,wbit,1,396.00,999.00,11,1,52,94,
B_noise,,,,0.0,1.0,,,,,,3,3,0.2,4,,,,,,,,0.9992,50,,,,,wbit,wbit,1,396.00,999.00,11,1,53,95,
B_noise,,,,0.0,1.0,,,,,,3,3,0.2,4,,,,,,,,0.9992,50,,,,,wbit,wbit,1,396.00,999.00,11,1,54,96,
B_noise,,,,0.0,1.0,,,,,,3,3,0.2,4,,,,,,,,0.9991,50,,,,,wbit,wbit,1,396.00,999.00,11,1,55,97,
B_noise,,,,0.0,1.0,,,,,,3,3,0.2,4,,,,,,,,0.9991,50,,,,,wbit,wbit,1,396.00,999.00,11,1,56,98,
B_noise,,,,0.0,1.0,,,,,,3,3,0.2,4,,,,,,,,0.9991,50,,,,,wbit,wbit,1,396.00,999.00,11,1,57,99,
B_noise,,,,0.0,1.0,,,,,,3,3,0.2,4,,,,,,,,0.9991,50,,,,,wbit,wbit,1,396.00,999.00,11,1,58,100,
B_noise,,,,0.0,1.0,,,,,,3,3,0.2,4,,,,,,,,0.9992,50,,,,,wbit,wbit,1,396.00,999.00,11,1,59,101,
B_noise,,,,0.0,1.0,,,,,,3,3,0.2,4,,,,,,,,0.9991,50,,,,,wbit,wbit,1,396.00,999.00,11,1,60,102,
B_noise,,,,0.0,1.0,,,,,,3,3,0.2,4,,,,,,,,0.9991,50,,,,,wbit,wbit,1,396.00,999.00,11,1,61,103,
B_noise,,,,0.0,1.0,,,,,,3,3,0.2,4,,,,,,,,0.9991,50,,,,,wbit,wbit,1,396.00,999.00,11,1,62,104,
B_noise,,,,0.0,1.0,,,,,,3,3,0.2,4,,,,,,,,0.9991,50,,,,,wbit,wbit,1,396.00,999.00,11,1,63,105,
B_noise,,,,0.0,1.0,,,,,,3,3,0.2,4,,,,,,,,0.9991,50,,,,,wbit,wbit,1,396.00,999.00,11,1,64,106,
B_noise,,,,0.0,1.0,,,,,,3,3,0.2,4,,,,,,,,0.9991,50,,,,,wbit,wbit,1,396.00,999.00,11,1,65,107,
B_noise,,,,0.0,1.0,,,,,,3,3,0.2,4,,,,,,,,0.9992,50,,,,,wbit,wbit,1,396.00,999.00,11,1,66,108,
B_noise,,,,0.0,1.0,,,,,,3,3,0.2,4,,,,,,,,0.9991,50,,,,,wbit,wbit,1,396.00,999.00,11,1,67,109,
B_noise,,,,0.0,1.0,,,,,,3,3,0.2,4,,,,,,,,0.9992,50,,,,,wbit,wbit,1,396.00,999.00,11,1,68,110,
B_noise,,,,0.0,1.0,,,,,,3,3,0.2,4,,,,,,,,0.9991,50,,,,,wbit,wbit,1,396.00,999.00,11,1,69,111,
B_noise,,,,0.0,1.0,,,,,,3,3,0.2,4,,,,,,,,0.9991,50,,,,,wbit,wbit,1,396.00,999.00,11,1,70,112,
B_noise,,,,0.0,1.0,,,,,,3,3,0.2,4,,,,,,,,0.9993,50,,,,,wbit,wbit,1,396.00,999.00,11,1,71,113,
B_noise,,,,0.0,1.0,,,,,,3,3,0.2,4,,,,,,,,0.9991,50,,,,,wbit,wbit,1,396.00,999.00,11,1,72,114,
B_noise,,,,0.0,1.0,,,,,,3,3,0.2,4,,,,,,,,0.9992,50,,,,,wbit,wbit,1,396.00,999.00,11,1,73,115,
B_noise,,,,0.0,1.0,,,,,,3,3,0.2,4,,,,,,,,0.9991,50,,,,,wbit,wbit,1,396.00,999.00,11,1,74,116,
B_noise,,,,0.0,1.0,,,,,,3,3,0.2,4,,,,,,,,0.9991,50,,,,,wbit,wbit,1,396.00,999.00,11,1,75,117,
B_noise,,,,0.0,1.0,,,,,,3,3,0.2,4,,,,,,,,0.9991,50,,,,,wbit,wbit,1,396.00,999.00,11,1,76,118,
B_noise,,,,0.0,1.0,,,,,,3,3,0.2,4,,,,,,,,0.9991,50,,,,,wbit,wbit,1,396.00,999.00,11,1,77,119,
B_noise,,,,0.0,1.0,,,,,,3,3,0.2,4,,,,,,,,0.9992,50,,,,,wbit,wbit,1,396.00,999.00,11,1,78,120,
B_noise,,,,0.0,1.0,,,,,,3,3,0.2,4,,,,,,,,0.9991,50,,,,,wbit,wbit,1,396.00,999.00,11,1,79,121,
B_noise,,,,0.0,1.0,,,,,,3,3,0.2,4,,,,,,,,0.9991,50,,,,,wbit,wbit,1,396.00,999.00,11,1,80,122,
B_noise,,,,0.0,1.0,,,,,,3,3,0.2,4,,,,,,,,0.9992,50,,,,,wbit,wbit,1,396.00,999.00,11,1,81,123,
B_noise,,,,0.0,1.0,,,,,,3,3,0.2,4,,,,,,,,0.9991,50,,,,,wbit,wbit,1,396.00,999.00,11,1,82,124,
B_noise,,,,0.0,1.0,,,,,,3,3,0.2,4,,,,,,,,0.9991,50,,,,,wbit,wbit,1,396.00,999.00,11,1,83,125,
B_noise,,,,0.0,1.0,,,,,,3,3,0.2,4,,,,,,,,0.9991,50,,,,,wbit,wbit,1,396.00,999.00,11,1,84,126,
B_noise,,,,0.0,1.0,,,,,,3,3,0.2,4,,,,,,,,0.9993,50,,,,,wbit,wbit,1,396.00,999.00,11,1,85,127,
B_noise,,,,0.0,1.0,,,,,,3,3,0.2,4,,,,,,,,0.9991,50,,,,,wbit,wbit,1,396.00,999.00,11,1,86,128,
B_noise,,,,0.0,1.0,,,,,,3,3,0.2,4,,,,,,,,0.9991,50,,,,,wbit,wbit,1,396.00,999.00,11,1,87,129,
B_noise,,,,0.0,1.0,,,,,,3,3,0.2,4,,,,,,,,0.9991,50,,,,,wbit,wbit,1,396.00,999.00,11,1,88,130,
B_noise,,,,0.0,1.0,,,,,,3,3,0.2,4,,,,,,,,0.9991,50,,,,,wbit,wbit,1,396.00,999.00,11,1,89,131,
B_noise,,,,0.0,1.0,,,,,,3,3,0.2,4,,,,,,,,0.9991,50,,,,,wbit,wbit,1,396.00,999.00,11,1,90,132,
B_noise,,,,0.0,1.0,,,,,,3,3,0.2,4,,,,,,,,0.9991,50,,,,,wbit,wbit,1,396.00,999.00,11,1,91,133,
B_noise,,,,0.0,1.0,,,,,,3,3,0.2,4,,,,,,,,0.9991,50,,,,,wbit,wbit,1,396.00,999.00,11,1,92,134,
B_noise,,,,0.0,1.0,,,,,,3,3,0.2,4,,,,,,,,0.9991,50,,,,,wbit,wbit,1,396.00,999.00,11,1,93,135,
B_noise,,,,0.0,1.0,,,,,,3,3,0.2,4,,,,,,,,0.9991,50,,,,,wbit,wbit,1,396.00,999.00,11,1,94,136,
B_noise,,,,0.0,1.0,,,,,,3,3,0.2,4,,,,,,,,0.9993,50,,,,,wbit,wbit,1,396.00,999.00,11,1,95,137,
B_noise,,,,0.0,1.0,,,,,,3,3,0.2,4,,,,,,,,0.9992,50,,,,,wbit,wbit,1,396.00,999.00,11,1,96,138,
B_noise,,,,0.0,1.0,,,,,,3,3,0.2,4,,,,,,,,0.9991,50,,,,,wbit,wbit,1,396.00,999.00,11,1,97,139,
B_noise,,,,0.0,1.0,,,,,,3,3,0.2,4,,,,,,,,0.9991,50,,,,,wbit,wbit,1,396.00,999.00,11,1,98,140,
B_noise,,,,0.0,1.0,,,,,,3,3,0.2,4,,,,,,,,0.9991,50,,,,,wbit,wbit,1,396.00,999.00,11,1,99,141,
B_noise,,,,0.1,1.0,,,,,,3,3,0.2,4,,,,,,,,0.9991,50,,,,,wbit,wbit,1,396.00,10.00,11,1,0,142,
B_noise,,,,0.1,1.0,,,,,,3,3,0.2,4,,,,,,,,0.9991,50,,,,,wbit,wbit,1,396.00,10.00,11,1,1,143,
B_noise,,,,0.1,1.0,,,,,,3,3,0.2,4,,,,,,,,0.9991,50,,,,,wbit,wbit,1,396.00,10.00,11,1,2,144,
B_noise,,,,0.1,1.0,,,,,,3,3,0.2,4,,,,,,,,0.9991,50,,,,,wbit,wbit,1,396.00,10.00,11,1,3,145,
B_noise,,,,0.1,1.0,,,,,,3,3,0.2,4,,,,,,,,0.9993,50,,,,,wbit,wbit,1,396.00,10.00,11,1,4,146,
B_noise,,,,0.1,1.0,,,,,,3,3,0.2,4,,,,,,,,0.9991,50,,,,,wbit,wbit,1,396.00,10.00,11,1,5,147,
B_noise,,,,0.1,1.0,,,,,,3,3,0.2,4,,,,,,,,0.9991,50,,,,,wbit,wbit,1,396.00,10.00,11,1,6,148,
B_noise,,,,0.1,1.0,,,,,,3,3,0.2,4,,,,,,,,0.9991,50,,,,,wbit,wbit,1,396.00,10.00,11,1,7,149,
B_noise,,,,0.1,1.0,,,,,,3,3,0.2,4,,,,,,,,0.9991,50,,,,,wbit,wbit,1,396.00,10.00,11,1,8,150,
B_noise,,,,0.1,1.0,,,,,,3,3,0.2,4,,,,,,,,0.9991,50,,,,,wbit,wbit,1,396.00,10.00,11,1,9,151,
B_noise,,,,0.1,1.0,,,,,,3,3,0.2,4,,,,,,,,0.9991,50,,,,,wbit,wbit,1,396.00,10.00,11,1,10,152,
B_noise,,,,0.1,1.0,,,,,,3,3,0.2,4,,,,,,,,0.9991,50,,,,,wbit,wbit,1,396.00,10.00,11,1,11,153,
B_noise,,,,0.1,1.0,,,,,,3,3,0.2,4,,,,,,,,0.9991,50,,,,,wbit,wbit,1,396.00,10.00,11,1,12,154,
B_noise,,,,0.1,1.0,,,,,,3,3,0.2,4,,,,,,,,0.9991,50,,,,,wbit,wbit,1,396.00,10.00,11,1,13,155,
B_noise,,,,0.1,1.0,,,,,,3,3,0.2,4,,,,,,,,0.9991,50,,,,,wbit,wbit,1,396.00,10.00,11,1,14,156,
B_noise,,,,0.1,1.0,,,,,,3,3,0.2,4,,,,,,,,0.9991,50,,,,,wbit,wbit,1,396.00,10.00,11,1,15,157,
B_noise,,,,0.1,1.0,,,,,,3,3,0.2,4,,,,,,,,0.9991,50,,,,,wbit,wbit,1,396.00,10.00,11,1,16,158,
B_noise,,,,0.1,1.0,,,,,,3,3,0.2,4,,,,,,,,0.9991,50,,,,,wbit,wbit,1,396.00,10.00,11,1,17,159,
B_noise,,,,0.1,1.0,,,,,,3,3,0.2,4,,,,,,,,0.9991,50,,,,,wbit,wbit,1,396.00,10.00,11,1,18,160,
B_noise,,,,0.1,1.0,,,,,,3,3,0.2,4,,,,,,,,0.9991,50,,,,,wbit,wbit,1,396.00,10.00,11,1,19,161,
B_noise,,,,0.1,1.0,,,,,,3,3,0.2,4,,,,,,,,0.9991,50,,,,,wbit,wbit,1,396.00,10.00,11,1,20,162,
B_noise,,,,0.1,1.0,,,,,,3,3,0.2,4,,,,,,,,0.9991,50,,,,,wbit,wbit,1,396.00,10.00,11,1,21,163,
B_noise,,,,0.1,1.0,,,,,,3,3,0.2,4,,,,,,,,0.9991,50,,,,,wbit,wbit,1,396.00,10.00,11,1,22,164,
B_noise,,,,0.1,1.0,,,,,,3,3,0.2,4,,,,,,,,0.9993,50,,,,,wbit,wbit,1,396.00,10.00,11,1,23,165,
B_noise,,,,0.1,1.0,,,,,,3,3,0.2,4,,,,,,,,0.9991,50,,,,,wbit,wbit,1,396.00,10.00,11,1,24,166,
B_noise,,,,0.1,1.0,,,,,,3,3,0.2,4,,,,,,,,0.9992,50,,,,,wbit,wbit,1,396.00,10.00,11,1,25,167,
B_noise,,,,0.1,1.0,,,,,,3,3,0.2,4,,,,,,,,0.9991,50,,,,,wbit,wbit,1,396.00,10.00,11,1,26,168,
B_noise,,,,0.1,1.0,,,,,,3,3,0.2,4,,,,,,,,0.9991,50,,,,,wbit,wbit,1,396.00,10.00,11,1,27,169,
B_noise,,,,0.1,1.0,,,,,,3,3,0.2,4,,,,,,,,0.9991,50,,,,,wbit,wbit,1,396.00,10.00,11,1,28,170,
B_noise,,,,0.1,1.0,,,,,,3,3,0.2,4,,,,,,,,0.9992,50,,,,,wbit,wbit,1,396.00,10.00,11,1,29,171,
B_noise,,,,0.1,1.0,,,,,,3,3,0.2,4,,,,,,,,0.9992,50,,,,,wbit,wbit,1,396.00,10.00,11,1,30,172,
B_noise,,,,0.1,1.0,,,,,,3,3,0.2,4,,,,,,,,0.9991,50,,,,,wbit,wbit,1,396.00,10.00,11,1,31,173,
B_noise,,,,0.1,1.0,,,,,,3,3,0.2,4,,,,,,,,0.9991,50,,,,,wbit,wbit,1,396.00,10.00,11,1,32,174,
B_noise,,,,0.1,1.0,,,,,,3,3,0.2,4,,,,,,,,0.9992,50,,,,,wbit,wbit,1,396.00,10.00,11,1,33,175,
B_noise,,,,0.1,1.0,,,,,,3,3,0.2,4,,,,,,,,0.9992,50,,,,,wbit,wbit,1,396.00,10.00,11,1,34,176,
B_noise,,,,0.1,1.0,,,,,,3,3,0.2,4,,,,,,,,0.9991,50,,,,,wbit,wbit,1,396.00,10.00,11,1,35,177,
B_noise,,,,0.1,1.0,,,,,,3,3,0.2,4,,,,,,,,0.9991,50,,,,,wbit,wbit,1,396.00,10.00,11,1,36,178,
B_noise,,,,0.1,1.0,,,,,,3,3,0.2,4,,,,,,,,0.9991,50,,,,,wbit,wbit,1,396.00,10.00,11,1,37,179,
B_noise,,,,0.1,1.0,,,,,,3,3,0.2,4,,,,,,,,0.9992,50,,,,,wbit,wbit,1,396.00,10.00,11,1,38,180,
B_noise,,,,0.1,1.0,,,,,,3,3,0.2,4,,,,,,,,0.9991,50,,,,,wbit,wbit,1,396.00,10.00,11,1,39,181,
B_noise,,,,0.1,1.0,,,,,,3,3,0.2,4,,,,,,,,0.9991,50,,,,,wbit,wbit,1,396.00,10.00,11,1,40,182,
B_noise,,,,0.1,1.0,,,,,,3,3,0.2,4,,,,,,,,0.9991,50,,,,,wbit,wbit,1,396.00,10.00,11,1,41,183,
B_noise,,,,0.1,1.0,,,,,,3,3,0.2,4,,,,,,,,0.9991,50,,,,,wbit,wbit,1,396.00,10.00,11,1,42,184,
B_noise,,,,0.1,1.0,,,,,,3,3,0.2,4,,,,,,,,0.9991,50,,,,,wbit,wbit,1,396.00,10.00,11,1,43,185,
B_noise,,,,0.1,1.0,,,,,,3,3,0.2,4,,,,,,,,0.9991,50,,,,,wbit,wbit,1,396.00,10.00,11,1,44,186,
B_noise,,,,0.1,1.0,,,,,,3,3,0.2,4,,,,,,,,0.9991,50,,,,,wbit,wbit,1,396.00,10.00,11,1,45,187,
B_noise,,,,0.1,1.0,,,,,,3,3,0.2,4,,,,,,,,0.9991,50,,,,,wbit,wbit,1,396.00,10.00,11,1,46,188,
B_noise,,,,0.1,1.0,,,,,,3,3,0.2,4,,,,,,,,0.9991,50,,,,,wbit,wbit,1,396.00,10.00,11,1,47,189,
B_noise,,,,0.1,1.0,,,,,,3,3,0.2,4,,,,,,,,0.9991,50,,,,,wbit,wbit,1,396.00,10.00,11,1,48,190,
B_noise,,,,0.1,1.0,,,,,,3,3,0.2,4,,,,,,,,0.9991,50,,,,,wbit,wbit,1,396.00,10.00,11,1,49,191,
B_noise,,,,0.1,1.0,,,,,,3,3,0.2,4,,,,,,,,0.9991,50,,,,,wbit,wbit,1,396.00,10.00,11,1,50,192,
B_noise,,,,0.1,1.0,,,,,,3,3,0.2,4,,,,,,,,0.9991,50,,,,,wbit,wbit,1,396.00,10.00,11,1,51,193,
B_noise,,,,0.1,1.0,,,,,,3,3,0.2,4,,,,,,,,0.9991,50,,,,,wbit,wbit,1,396.00,10.00,11,1,52,194,
B_noise,,,,0.1,1.0,,,,,,3,3,0.2,4,,,,,,,,0.9991,50,,,,,wbit,wbit,1,396.00,10.00,11,1,53,195,
B_noise,,,,0.1,1.0,,,,,,3,3,0.2,4,,,,,,,,0.9991,50,,,,,wbit,wbit,1,396.00,10.00,11,1,54,196,
B_noise,,,,0.1,1.0,,,,,,3,3,0.2,4,,,,,,,,0.9991,50,,,,,wbit,wbit,1,396.00,10.00,11,1,55,197,
B_noise,,,,0.1,1.0,,,,,,3,3,0.2,4,,,,,,,,0.9991,50,,,,,wbit,wbit,1,396.00,10.00,11,1,56,198,
B_noise,,,,0.1,1.0,,,,,,3,3,0.2,4,,,,,,,,0.9991,50,,,,,wbit,wbit,1,396.00,10.00,11,1,57,199,
B_noise,,,,0.1,1.0,,,,,,3,3,0.2,4,,,,,,,,0.9991,50,,,,,wbit,wbit,1,396.00,10.00,11,1,58,200,
B_noise,,,,0.1,1.0,,,,,,3,3,0.2,4,,,,,,,,0.9991,50,,,,,wbit,wbit,1,396.00,10.00,11,1,59,201,
B_noise,,,,0.1,1.0,,,,,,3,3,0.2,4,,,,,,,,0.9991,50,,,,,wbit,wbit,1,396.00,10.00,11,1,60,202,
B_noise,,,,0.1,1.0,,,,,,3,3,0.2,4,,,,,,,,0.9991,50,,,,,wbit,wbit,1,396.00,10.00,11,1,61,203,
B_noise,,,,0.1,1.0,,,,,,3,3,0.2,4,,,,,,,,0.9991,50,,,,,wbit,wbit,1,396.00,10.00,11,1,62,204,
B_noise,,,,0.1,1.0,,,,,,3,3,0.2,4,,,,,,,,0.9991,50,,,,,wbit,wbit,1,396.00,10.00,11,1,63,205,
B_noise,,,,0.1,1.0,,,,,,3,3,0.2,4,,,,,,,,0.9992,50,,,,,wbit,wbit,1,396.00,10.00,11,1,64,206,
B_noise,,,,0.1,1.0,,,,,,3,3,0.2,4,,,,,,,,0.9991,50,,,,,wbit,wbit,1,396.00,10.00,11,1,65,207,
B_noise,,,,0.1,1.0,,,,,,3,3,0.2,4,,,,,,,,0.9991,50,,,,,wbit,wbit,1,396.00,10.00,11,1,66,208,
B_noise,,,,0.1,1.0,,,,,,3,3,0.2,4,,,,,,,,0.9991,50,,,,,wbit,wbit,1,396.00,10.00,11,1,67,209,
B_noise,,,,0.1,1.0,,,,,,3,3,0.2,4,,,,,,,,0.9991,50,,,,,wbit,wbit,1,396.00,10.00,11,1,68,210,
B_noise,,,,0.1,1.0,,,,,,3,3,0.2,4,,,,,,,,0.9991,50,,,,,wbit,wbit,1,396.00,10.00,11,1,69,211,
B_noise,,,,0.1,1.0,,,,,,3,3,0.2,4,,,,,,,,0.9991,50,,,,,wbit,wbit,1,396.00,10.00,11,1,70,212,
B_noise,,,,0.1,1.0,,,,,,3,3,0.2,4,,,,,,,,0.9991,50,,,,,wbit,wbit,1,396.00,10.00,11,1,71,213,
B_noise,,,,0.1,1.0,,,,,,3,3,0.2,4,,,,,,,,0.9991,50,,,,,wbit,wbit,1,396.00,10.00,11,1,72,214,
B_noise,,,,0.1,1.0,,,,,,3,3,0.2,4,,,,,,,,0.9991,50,,,,,wbit,wbit,1,396.00,10.00,11,1,73,215,
B_noise,,,,0.1,1.0,,,,,,3,3,0.2,4,,,,,,,,0.9991,50,,,,,wbit,wbit,1,396.00,10.00,11,1,74,216,
B_noise,,,,0.1,1.0,,,,,,3,3,0.2,4,,,,,,,,0.9991,50,,,,,wbit,wbit,1,396.00,10.00,11,1,75,217,
B_noise,,,,0.1,1.0,,,,,,3,3,0.2,4,,,,,,,,0.9991,50,,,,,wbit,wbit,1,396.00,10.00,11,1,76,218,
B_noise,,,,0.1,1.0,,,,,,3,3,0.2,4,,,,,,,,0.9991,50,,,,,wbit,wbit,1,396.00,10.00,11,1,77,219,
B_noise,,,,0.1,1.0,,,,,,3,3,0.2,4,,,,,,,,0.9991,50,,,,,wbit,wbit,1,396.00,10.00,11,1,78,220,
B_noise,,,,0.1,1.0,,,,,,3,3,0.2,4,,,,,,,,0.9991,50,,,,,wbit,wbit,1,396.00,10.00,11,1,79,221,
B_noise,,,,0.1,1.0,,,,,,3,3,0.2,4,,,,,,,,0.9992,50,,,,,wbit,wbit,1,396.00,10.00,11,1,80,222,
B_noise,,,,0.1,1.0,,,,,,3,3,0.2,4,,,,,,,,0.9991,50,,,,,wbit,wbit,1,396.00,10.00,11,1,81,223,
B_noise,,,,0.1,1.0,,,,,,3,3,0.2,4,,,,,,,,0.9991,50,,,,,wbit,wbit,1,396.00,10.00,11,1,82,224,
B_noise,,,,0.1,1.0,,,,,,3,3,0.2,4,,,,,,,,0.9991,50,,,,,wbit,wbit,1,396.00,10.00,11,1,83,225,
B_noise,,,,0.1,1.0,,,,,,3,3,0.2,4,,,,,,,,0.9991,50,,,,,wbit,wbit,1,396.00,10.00,11,1,84,226,
B_noise,,,,0.1,1.0,,,,,,3,3,0.2,4,,,,,,,,0.9991,50,,,,,wbit,wbit,1,396.00,10.00,11,1,85,227,
B_noise,,,,0.1,1.0,,,,,,3,3,0.2,4,,,,,,,,0.9991,50,,,,,wbit,wbit,1,396.00,10.00,11,1,86,228,
B_noise,,,,0.1,1.0,,,,,,3,3,0.2,4,,,,,,,,0.9991,50,,,,,wbit,wbit,1,396.00,10.00,11,1,87,229,
B_noise,,,,0.1,1.0,,,,,,3,3,0.2,4,,,,,,,,0.9991,50,,,,,wbit,wbit,1,396.00,10.00,11,1,88,230,
B_noise,,,,0.1,1.0,,,,,,3,3,0.2,4,,,,,,,,0.9991,50,,,,,wbit,wbit,1,396.00,10.00,11,1,89,231,
B_noise,,,,0.1,1.0,,,,,,3,3,0.2,4,,,,,,,,0.9991,50,,,,,wbit,wbit,1,396.00,10.00,11,1,90,232,
B_noise,,,,0.1,1.0,,,,,,3,3,0.2,4,,,,,,,,0.9991,50,,,,,wbit,wbit,1,396.00,10.00,11,1,91,233,
B_noise,,,,0.1,1.0,,,,,,3,3,0.2,4,,,,,,,,0.9991,50,,,,,wbit,wbit,1,396.00,10.00,11,1,92,234,
B_noise,,,,0.1,1.0,,,,,,3,3,0.2,4,,,,,,,,0.9991,50,,,,,wbit,wbit,1,396.00,10.00,11,1,93,235,
B_noise,,,,0.1,1.0,,,,,,3,3,0.2,4,,,,,,,,0.9991,50,,,,,wbit,wbit,1,396.00,10.00,11,1,94,236,
B_noise,,,,0.1,1.0,,,,,,3,3,0.2,4,,,,,,,,0.9991,50,,,,,wbit,wbit,1,396.00,10.00,11,1,95,237,
B_noise,,,,0.1,1.0,,,,,,3,3,0.2,4,,,,,,,,0.9994,50,,,,,wbit,wbit,1,396.00,10.00,11,1,96,238,
B_noise,,,,0.1,1.0,,,,,,3,3,0.2,4,,,,,,,,0.9991,50,,,,,wbit,wbit,1,396.00,10.00,11,1,97,239,
B_noise,,,,0.1,1.0,,,,,,3,3,0.2,4,,,,,,,,0.9993,50,,,,,wbit,wbit,1,396.00,10.00,11,1,98,240,
B_noise,,,,0.1,1.0,,,,,,3,3,0.2,4,,,,,,,,0.9991,50,,,,,wbit,wbit,1,396.00,10.00,11,1,99,241,
B_noise,,,,0.2,1.0,,,,,,3,3,0.2,4,,,,,,,,0.9993,50,,,,,wbit,wbit,1,396.00,5.00,11,1,0,242,
B_noise,,,,0.2,1.0,,,,,,3,3,0.2,4,,,,,,,,0.9991,50,,,,,wbit,wbit,1,396.00,5.00,11,1,1,243,
B_noise,,,,0.2,1.0,,,,,,3,3,0.2,4,,,,,,,,0.9991,50,,,,,wbit,wbit,1,396.00,5.00,11,1,2,244,
B_noise,,,,0.2,1.0,,,,,,3,3,0.2,4,,,,,,,,0.9991,50,,,,,wbit,wbit,1,396.00,5.00,11,1,3,245,
B_noise,,,,0.2,1.0,,,,,,3,3,0.2,4,,,,,,,,0.9991,50,,,,,wbit,wbit,1,396.00,5.00,11,1,4,246,
B_noise,,,,0.2,1.0,,,,,,3,3,0.2,4,,,,,,,,0.9991,50,,,,,wbit,wbit,1,396.00,5.00,11,1,5,247,
B_noise,,,,0.2,1.0,,,,,,3,3,0.2,4,,,,,,,,0.9991,50,,,,,wbit,wbit,1,396.00,5.00,11,1,6,248,
B_noise,,,,0.2,1.0,,,,,,3,3,0.2,4,,,,,,,,0.9991,50,,,,,wbit,wbit,1,396.00,5.00,11,1,7,249,
B_noise,,,,0.2,1.0,,,,,,3,3,0.2,4,,,,,,,,0.9992,50,,,,,wbit,wbit,1,396.00,5.00,11,1,8,250,
B_noise,,,,0.2,1.0,,,,,,3,3,0.2,4,,,,,,,,0.9991,50,,,,,wbit,wbit,1,396.00,5.00,11,1,9,251,
B_noise,,,,0.2,1.0,,,,,,3,3,0.2,4,,,,,,,,0.9991,50,,,,,wbit,wbit,1,396.00,5.00,11,1,10,252,
B_noise,,,,0.2,1.0,,,,,,3,3,0.2,4,,,,,,,,0.9991,50,,,,,wbit,wbit,1,396.00,5.00,11,1,11,253,
B_noise,,,,0.2,1.0,,,,,,3,3,0.2,4,,,,,,,,0.9991,50,,,,,wbit,wbit,1,360.00,5.00,10,1,12,254,
B_noise,,,,0.2,1.0,,,,,,3,3,0.2,4,,,,,,,,0.9991,50,,,,,wbit,wbit,1,396.00,5.00,11,1,13,255,
B_noise,,,,0.2,1.0,,,,,,3,3,0.2,4,,,,,,,,0.9991,50,,,,,wbit,wbit,1,396.00,5.00,11,1,14,256,
B_noise,,,,0.2,1.0,,,,,,3,3,0.2,4,,,,,,,,0.9991,50,,,,,wbit,wbit,1,396.00,5.00,11,1,15,257,
B_noise,,,,0.2,1.0,,,,,,3,3,0.2,4,,,,,,,,0.9992,50,,,,,wbit,wbit,1,396.00,5.00,11,1,16,258,
B_noise,,,,0.2,1.0,,,,,,3,3,0.2,4,,,,,,,,0.9991,50,,,,,wbit,wbit,1,396.00,5.00,11,1,17,259,
B_noise,,,,0.2,1.0,,,,,,3,3,0.2,4,,,,,,,,0.9991,50,,,,,wbit,wbit,1,396.00,5.00,11,1,18,260,
B_noise,,,,0.2,1.0,,,,,,3,3,0.2,4,,,,,,,,0.9992,50,,,,,wbit,wbit,1,396.00,5.00,11,1,19,261,
B_noise,,,,0.2,1.0,,,,,,3,3,0.2,4,,,,,,,,0.9991,50,,,,,wbit,wbit,1,396.00,5.00,11,1,20,262,
B_noise,,,,0.2,1.0,,,,,,3,3,0.2,4,,,,,,,,0.9991,50,,,,,wbit,wbit,1,396.00,5.00,11,1,21,263,
B_noise,,,,0.2,1.0,,,,,,3,3,0.2,4,,,,,,,,0.9991,50,,,,,wbit,wbit,1,396.00,5.00,11,1,22,264,
B_noise,,,,0.2,1.0,,,,,,3,3,0.2,4,,,,,,,,0.9991,50,,,,,wbit,wbit,1,396.00,5.00,11,1,23,265,
B_noise,,,,0.2,1.0,,,,,,3,3,0.2,4,,,,,,,,0.9991,50,,,,,wbit,wbit,1,396.00,5.00,11,1,24,266,
B_noise,,,,0.2,1.0,,,,,,3,3,0.2,4,,,,,,,,0.9991,50,,,,,wbit,wbit,1,396.00,5.00,11,1,25,267,
B_noise,,,,0.2,1.0,,,,,,3,3,0.2,4,,,,,,,,0.9991,50,,,,,wbit,wbit,1,396.00,5.00,11,1,26,268,
B_noise,,,,0.2,1.0,,,,,,3,3,0.2,4,,,,,,,,0.9991,50,,,,,wbit,wbit,1,360.00,5.00,10,1,27,269,
B_noise,,,,0.2,1.0,,,,,,3,3,0.2,4,,,,,,,,0.9991,50,,,,,wbit,wbit,1,396.00,5.00,11,1,28,270,
B_noise,,,,0.2,1.0,,,,,,3,3,0.2,4,,,,,,,,0.9991,50,,,,,wbit,wbit,1,396.00,5.00,11,1,29,271,
B_noise,,,,0.2,1.0,,,,,,3,3,0.2,4,,,,,,,,0.9992,50,,,,,wbit,wbit,1,396.00,5.00,11,1,30,272,
B_noise,,,,0.2,1.0,,,,,,3,3,0.2,4,,,,,,,,0.9991,50,,,,,wbit,wbit,1,396.00,5.00,11,1,31,273,
B_noise,,,,0.2,1.0,,,,,,3,3,0.2,4,,,,,,,,0.9991,50,,,,,wbit,wbit,1,396.00,5.00,11,1,32,274,
B_noise,,,,0.2,1.0,,,,,,3,3,0.2,4,,,,,,,,0.9991,50,,,,,wbit,wbit,1,396.00,5.00,11,1,33,275,
B_noise,,,,0.2,1.0,,,,,,3,3,0.2,4,,,,,,,,0.9991,50,,,,,wbit,wbit,1,396.00,5.00,11,1,34,276,
B_noise,,,,0.2,1.0,,,,,,3,3,0.2,4,,,,,,,,0.9991,50,,,,,wbit,wbit,1,396.00,5.00,11,1,35,277,
B_noise,,,,0.2,1.0,,,,,,3,3,0.2,4,,,,,,,,0.9991,50,,,,,wbit,wbit,1,396.00,5.00,11,1,36,278,
B_noise,,,,0.2,1.0,,,,,,3,3,0.2,4,,,,,,,,0.9991,50,,,,,wbit,wbit,1,396.00,5.00,11,1,37,279,
B_noise,,,,0.2,1.0,,,,,,3,3,0.2,4,,,,,,,,0.9991,50,,,,,wbit,wbit,1,396.00,5.00,11,1,38,280,
B_noise,,,,0.2,1.0,,,,,,3,3,0.2,4,,,,,,,,0.9991,50,,,,,wbit,wbit,1,396.00,5.00,11,1,39,281,
B_noise,,,,0.2,1.0,,,,,,3,3,0.2,4,,,,,,,,0.9991,50,,,,,wbit,wbit,1,396.00,5.00,11,1,40,282,
B_noise,,,,0.2,1.0,,,,,,3,3,0.2,4,,,,,,,,0.9994,50,,,,,wbit,wbit,1,396.00,5.00,11,1,41,283,
B_noise,,,,0.2,1.0,,,,,,3,3,0.2,4,,,,,,,,0.9991,50,,,,,wbit,wbit,1,396.00,5.00,11,1,42,284,
B_noise,,,,0.2,1.0,,,,,,3,3,0.2,4,,,,,,,,0.9991,50,,,,,wbit,wbit,1,396.00,5.00,11,1,43,285,
B_noise,,,,0.2,1.0,,,,,,3,3,0.2,4,,,,,,,,0.9991,50,,,,,wbit,wbit,1,396.00,5.00,11,1,44,286,
B_noise,,,,0.2,1.0,,,,,,3,3,0.2,4,,,,,,,,0.9991,50,,,,,wbit,wbit,1,396.00,5.00,11,1,45,287,
B_noise,,,,0.2,1.0,,,,,,3,3,0.2,4,,,,,,,,0.9991,50,,,,,wbit,wbit,1,396.00,5.00,11,1,46,288,
B_noise,,,,0.2,1.0,,,,,,3,3,0.2,4,,,,,,,,0.9991,50,,,,,wbit,wbit,1,396.00,5.00,11,1,47,289,
B_noise,,,,0.2,1.0,,,,,,3,3,0.2,4,,,,,,,,0.9991,50,,,,,wbit,wbit,1,396.00,5.00,11,1,48,290,
B_noise,,,,0.2,1.0,,,,,,3,3,0.2,4,,,,,,,,0.9991,50,,,,,wbit,wbit,1,396.00,5.00,11,1,49,291,
B_noise,,,,0.2,1.0,,,,,,3,3,0.2,4,,,,,,,,0.9991,50,,,,,wbit,wbit,1,396.00,5.00,11,1,50,292,
B_noise,,,,0.2,1.0,,,,,,3,3,0.2,4,,,,,,,,0.9992,50,,,,,wbit,wbit,1,396.00,5.00,11,1,51,293,
B_noise,,,,0.2,1.0,,,,,,3,3,0.2,4,,,,,,,,0.9992,50,,,,,wbit,wbit,1,396.00,5.00,11,1,52,294,
B_noise,,,,0.2,1.0,,,,,,3,3,0.2,4,,,,,,,,0.9991,50,,,,,wbit,wbit,1,396.00,5.00,11,1,53,295,
B_noise,,,,0.2,1.0,,,,,,3,3,0.2,4,,,,,,,,0.9991,50,,,,,wbit,wbit,1,396.00,5.00,11,1,54,296,
B_noise,,,,0.2,1.0,,,,,,3,3,0.2,4,,,,,,,,0.9991,50,,,,,wbit,wbit,1,396.00,5.00,11,1,55,297,
B_noise,,,,0.2,1.0,,,,,,3,3,0.2,4,,,,,,,,0.9991,50,,,,,wbit,wbit,1,396.00,5.00,11,1,56,298,
B_noise,,,,0.2,1.0,,,,,,3,3,0.2,4,,,,,,,,0.9991,50,,,,,wbit,wbit,1,396.00,5.00,11,1,57,299,
B_noise,,,,0.2,1.0,,,,,,3,3,0.2,4,,,,,,,,0.9991,50,,,,,wbit,wbit,1,396.00,5.00,11,1,58,300,
B_noise,,,,0.2,1.0,,,,,,3,3,0.2,4,,,,,,,,0.9991,50,,,,,wbit,wbit,1,396.00,5.00,11,1,59,301,
B_noise,,,,0.2,1.0,,,,,,3,3,0.2,4,,,,,,,,0.9991,50,,,,,wbit,wbit,1,396.00,5.00,11,1,60,302,
B_noise,,,,0.2,1.0,,,,,,3,3,0.2,4,,,,,,,,0.9991,50,,,,,wbit,wbit,1,396.00,5.00,11,1,61,303,
B_noise,,,,0.2,1.0,,,,,,3,3,0.2,4,,,,,,,,0.9992,50,,,,,wbit,wbit,1,396.00,5.00,11,1,62,304,
B_noise,,,,0.2,1.0,,,,,,3,3,0.2,4,,,,,,,,0.9992,50,,,,,wbit,wbit,1,396.00,5.00,11,1,63,305,
B_noise,,,,0.2,1.0,,,,,,3,3,0.2,4,,,,,,,,0.9991,50,,,,,wbit,wbit,1,396.00,5.00,11,1,64,306,
B_noise,,,,0.2,1.0,,,,,,3,3,0.2,4,,,,,,,,0.9991,50,,,,,wbit,wbit,1,396.00,5.00,11,1,65,307,
B_noise,,,,0.2,1.0,,,,,,3,3,0.2,4,,,,,,,,0.9991,50,,,,,wbit,wbit,1,396.00,5.00,11,1,66,308,
B_noise,,,,0.2,1.0,,,,,,3,3,0.2,4,,,,,,,,0.9991,50,,,,,wbit,wbit,1,396.00,5.00,11,1,67,309,
B_noise,,,,0.2,1.0,,,,,,3,3,0.2,4,,,,,,,,0.9991,50,,,,,wbit,wbit,1,396.00,5.00,11,1,68,310,
B_noise,,,,0.2,1.0,,,,,,3,3,0.2,4,,,,,,,,0.9991,50,,,,,wbit,wbit,1,396.00,5.00,11,1,69,311,
B_noise,,,,0.2,1.0,,,,,,3,3,0.2,4,,,,,,,,0.9991,50,,,,,wbit,wbit,1,396.00,5.00,11,1,70,312,
B_noise,,,,0.2,1.0,,,,,,3,3,0.2,4,,,,,,,,0.9991,50,,,,,wbit,wbit,1,396.00,5.00,11,1,71,313,
B_noise,,,,0.2,1.0,,,,,,3,3,0.2,4,,,,,,,,0.9991,50,,,,,wbit,wbit,1,396.00,5.00,11,1,72,314,
B_noise,,,,0.2,1.0,,,,,,3,3,0.2,4,,,,,,,,0.9991,50,,,,,wbit,wbit,1,396.00,5.00,11,1,73,315,
B_noise,,,,0.2,1.0,,,,,,3,3,0.2,4,,,,,,,,0.9991,50,,,,,wbit,wbit,1,396.00,5.00,11,1,74,316,
B_noise,,,,0.2,1.0,,,,,,3,3,0.2,4,,,,,,,,0.9991,50,,,,,wbit,wbit,1,396.00,5.00,11,1,75,317,
B_noise,,,,0.2,1.0,,,,,,3,3,0.2,4,,,,,,,,0.9992,50,,,,,wbit,wbit,1,396.00,5.00,11,1,76,318,
B_noise,,,,0.2,1.0,,,,,,3,3,0.2,4,,,,,,,,0.9993,50,,,,,wbit,wbit,1,396.00,5.00,11,1,77,319,
B_noise,,,,0.2,1.0,,,,,,3,3,0.2,4,,,,,,,,0.9991,50,,,,,wbit,wbit,1,396.00,5.00,11,1,78,320,
B_noise,,,,0.2,1.0,,,,,,3,3,0.2,4,,,,,,,,0.9991,50,,,,,wbit,wbit,1,396.00,5.00,11,1,79,321,
B_noise,,,,0.2,1.0,,,,,,3,3,0.2,4,,,,,,,,0.9992,50,,,,,wbit,wbit,1,396.00,5.00,11,1,80,322,
B_noise,,,,0.2,1.0,,,,,,3,3,0.2,4,,,,,,,,0.9991,50,,,,,wbit,wbit,1,396.00,5.00,11,1,81,323,
B_noise,,,,0.2,1.0,,,,,,3,3,0.2,4,,,,,,,,0.9992,50,,,,,wbit,wbit,1,396.00,5.00,11,1,82,324,
B_noise,,,,0.2,1.0,,,,,,3,3,0.2,4,,,,,,,,0.9991,50,,,,,wbit,wbit,1,396.00,5.00,11,1,83,325,
B_noise,,,,0.2,1.0,,,,,,3,3,0.2,4,,,,,,,,0.9991,50,,,,,wbit,wbit,1,396.00,5.00,11,1,84,326,
B_noise,,,,0.2,1.0,,,,,,3,3,0.2,4,,,,,,,,0.9991,50,,,,,wbit,wbit,1,396.00,5.00,11,1,85,327,
B_noise,,,,0.2,1.0,,,,,,3,3,0.2,4,,,,,,,,0.9991,50,,,,,wbit,wbit,1,396.00,5.00,11,1,86,328,
B_noise,,,,0.2,1.0,,,,,,3,3,0.2,4,,,,,,,,0.9991,50,,,,,wbit,wbit,1,396.00,5.00,11,1,87,329,
B_noise,,,,0.2,1.0,,,,,,3,3,0.2,4,,,,,,,,0.9991,50,,,,,wbit,wbit,1,396.00,5.00,11,1,88,330,
B_noise,,,,0.2,1.0,,,,,,3,3,0.2,4,,,,,,,,0.9991,50,,,,,wbit,wbit,1,396.00,5.00,11,1,89,331,
B_noise,,,,0.2,1.0,,,,,,3,3,0.2,4,,,,,,,,0.9991,50,,,,,wbit,wbit,1,396.00,5.00,11,1,90,332,
B_noise,,,,0.2,1.0,,,,,,3,3,0.2,4,,,,,,,,0.9992,50,,,,,wbit,wbit,1,396.00,5.00,11,1,91,333,
B_noise,,,,0.2,1.0,,,,,,3,3,0.2,4,,,,,,,,0.9992,50,,,,,wbit,wbit,1,396.00,5.00,11,1,92,334,
B_noise,,,,0.2,1.0,,,,,,3,3,0.2,4,,,,,,,,0.9991,50,,,,,wbit,wbit,1,396.00,5.00,11,1,93,335,
B_noise,,,,0.2,1.0,,,,,,3,3,0.2,4,,,,,,,,0.9991,50,,,,,wbit,wbit,1,396.00,5.00,11,1,94,336,
B_noise,,,,0.2,1.0,,,,,,3,3,0.2,4,,,,,,,,0.9991,50,,,,,wbit,wbit,1,396.00,5.00,11,1,95,337,
B_noise,,,,0.2,1.0,,,,,,3,3,0.2,4,,,,,,,,0.9991,50,,,,,wbit,wbit,1,396.00,5.00,11,1,96,338,
B_noise,,,,0.2,1.0,,,,,,3,3,0.2,4,,,,,,,,0.9991,50,,,,,wbit,wbit,1,396.00,5.00,11,1,97,339,
B_noise,,,,0.2,1.0,,,,,,3,3,0.2,4,,,,,,,,0.9991,50,,,,,wbit,wbit,1,396.00,5.00,11,1,98,340,
B_noise,,,,0.2,1.0,,,,,,3,3,0.2,4,,,,,,,,0.9991,50,,,,,wbit,wbit,1,396.00,5.00,11,1,99,341,
B_noise,,,,0.3,1.0,,,,,,3,3,0.2,4,,,,,,,,0.9991,50,,,,,wbit,wbit,1,396.00,3.33,11,1,0,342,
B_noise,,,,0.3,1.0,,,,,,3,3,0.2,4,,,,,,,,0.9991,50,,,,,wbit,wbit,1,396.00,3.33,11,1,1,343,
B_noise,,,,0.3,1.0,,,,,,3,3,0.2,4,,,,,,,,0.9992,50,,,,,wbit,wbit,1,396.00,3.33,11,1,2,344,
B_noise,,,,0.3,1.0,,,,,,3,3,0.2,4,,,,,,,,0.9991,50,,,,,wbit,wbit,1,396.00,3.33,11,1,3,345,
B_noise,,,,0.3,1.0,,,,,,3,3,0.2,4,,,,,,,,0.9991,50,,,,,wbit,wbit,1,396.00,3.33,11,1,4,346,
B_noise,,,,0.3,1.0,,,,,,3,3,0.2,4,,,,,,,,0.9991,50,,,,,wbit,wbit,1,396.00,3.33,11,1,5,347,
B_noise,,,,0.3,1.0,,,,,,3,3,0.2,4,,,,,,,,0.9991,50,,,,,wbit,wbit,1,396.00,3.33,11,1,6,348,
B_noise,,,,0.3,1.0,,,,,,3,3,0.2,4,,,,,,,,0.9991,50,,,,,wbit,wbit,1,396.00,3.33,11,1,7,349,
B_noise,,,,0.3,1.0,,,,,,3,3,0.2,4,,,,,,,,0.9991,50,,,,,wbit,wbit,1,396.00,3.33,11,1,8,350,
B_noise,,,,0.3,1.0,,,,,,3,3,0.2,4,,,,,,,,0.9991,50,,,,,wbit,wbit,1,396.00,3.33,11,1,9,351,
B_noise,,,,0.3,1.0,,,,,,3,3,0.2,4,,,,,,,,0.9992,50,,,,,wbit,wbit,1,396.00,3.33,11,1,10,352,
B_noise,,,,0.3,1.0,,,,,,3,3,0.2,4,,,,,,,,0.9994,50,,,,,wbit,wbit,1,396.00,3.33,11,1,11,353,
B_noise,,,,0.3,1.0,,,,,,3,3,0.2,4,,,,,,,,0.9991,50,,,,,wbit,wbit,1,396.00,3.33,11,1,12,354,
B_noise,,,,0.3,1.0,,,,,,3,3,0.2,4,,,,,,,,0.9991,50,,,,,wbit,wbit,1,396.00,3.33,11,1,13,355,
B_noise,,,,0.3,1.0,,,,,,3,3,0.2,4,,,,,,,,0.9991,50,,,,,wbit,wbit,1,396.00,3.33,11,1,14,356,
B_noise,,,,0.3,1.0,,,,,,3,3,0.2,4,,,,,,,,0.9991,50,,,,,wbit,wbit,1,396.00,3.33,11,1,15,357,
B_noise,,,,0.3,1.0,,,,,,3,3,0.2,4,,,,,,,,0.9991,50,,,,,wbit,wbit,1,396.00,3.33,11,1,16,358,
B_noise,,,,0.3,1.0,,,,,,3,3,0.2,4,,,,,,,,0.9991,50,,,,,wbit,wbit,1,396.00,3.33,11,1,17,359,
B_noise,,,,0.3,1.0,,,,,,3,3,0.2,4,,,,,,,,0.9991,50,,,,,wbit,wbit,1,396.00,3.33,11,1,18,360,
B_noise,,,,0.3,1.0,,,,,,3,3,0.2,4,,,,,,,,0.9991,50,,,,,wbit,wbit,1,396.00,3.33,11,1,19,361,
B_noise,,,,0.3,1.0,,,,,,3,3,0.2,4,,,,,,,,0.9991,50,,,,,wbit,wbit,1,396.00,3.33,11,1,20,362,
B_noise,,,,0.3,1.0,,,,,,3,3,0.2,4,,,,,,,,0.9991,50,,,,,wbit,wbit,1,396.00,3.33,11,1,21,363,
B_noise,,,,0.3,1.0,,,,,,3,3,0.2,4,,,,,,,,0.9991,50,,,,,wbit,wbit,1,396.00,3.33,11,1,22,364,
B_noise,,,,0.3,1.0,,,,,,3,3,0.2,4,,,,,,,,0.9991,50,,,,,wbit,wbit,1,396.00,3.33,11,1,23,365,
B_noise,,,,0.3,1.0,,,,,,3,3,0.2,4,,,,,,,,0.9991,50,,,,,wbit,wbit,1,396.00,3.33,11,1,24,366,
B_noise,,,,0.3,1.0,,,,,,3,3,0.2,4,,,,,,,,0.9991,50,,,,,wbit,wbit,1,396.00,3.33,11,1,25,367,
B_noise,,,,0.3,1.0,,,,,,3,3,0.2,4,,,,,,,,0.9991,50,,,,,wbit,wbit,1,396.00,3.33,11,1,26,368,
B_noise,,,,0.3,1.0,,,,,,3,3,0.2,4,,,,,,,,0.9991,50,,,,,wbit,wbit,1,396.00,3.33,11,1,27,369,
B_noise,,,,0.3,1.0,,,,,,3,3,0.2,4,,,,,,,,0.9991,50,,,,,wbit,wbit,1,396.00,3.33,11,1,28,370,
B_noise,,,,0.3,1.0,,,,,,3,3,0.2,4,,,,,,,,0.9991,50,,,,,wbit,wbit,1,396.00,3.33,11,1,29,371,
B_noise,,,,0.3,1.0,,,,,,3,3,0.2,4,,,,,,,,0.9992,50,,,,,wbit,wbit,1,396.00,3.33,11,1,30,372,
B_noise,,,,0.3,1.0,,,,,,3,3,0.2,4,,,,,,,,0.9991,50,,,,,wbit,wbit,1,396.00,3.33,11,1,31,373,
B_noise,,,,0.3,1.0,,,,,,3,3,0.2,4,,,,,,,,0.9994,50,,,,,wbit,wbit,1,396.00,3.33,11,1,32,374,
B_noise,,,,0.3,1.0,,,,,,3,3,0.2,4,,,,,,,,0.9991,50,,,,,wbit,wbit,1,396.00,3.33,11,1,33,375,
B_noise,,,,0.3,1.0,,,,,,3,3,0.2,4,,,,,,,,0.9991,50,,,,,wbit,wbit,1,396.00,3.33,11,1,34,376,
B_noise,,,,0.3,1.0,,,,,,3,3,0.2,4,,,,,,,,0.9994,50,,,,,wbit,wbit,1,396.00,3.33,11,1,35,377,
B_noise,,,,0.3,1.0,,,,,,3,3,0.2,4,,,,,,,,0.9994,50,,,,,wbit,wbit,1,396.00,3.33,11,1,36,378,
B_noise,,,,0.3,1.0,,,,,,3,3,0.2,4,,,,,,,,0.9991,50,,,,,wbit,wbit,1,396.00,3.33,11,1,37,379,
B_noise,,,,0.3,1.0,,,,,,3,3,0.2,4,,,,,,,,0.9991,50,,,,,wbit,wbit,1,396.00,3.33,11,1,38,380,
B_noise,,,,0.3,1.0,,,,,,3,3,0.2,4,,,,,,,,0.9991,50,,,,,wbit,wbit,1,396.00,3.33,11,1,39,381,
B_noise,,,,0.3,1.0,,,,,,3,3,0.2,4,,,,,,,,0.9991,50,,,,,wbit,wbit,1,396.00,3.33,11,1,40,382,
B_noise,,,,0.3,1.0,,,,,,3,3,0.2,4,,,,,,,,0.9991,50,,,,,wbit,wbit,1,396.00,3.33,11,1,41,383,
B_noise,,,,0.3,1.0,,,,,,3,3,0.2,4,,,,,,,,0.9994,50,,,,,wbit,wbit,1,396.00,3.33,11,1,42,384,
B_noise,,,,0.3,1.0,,,,,,3,3,0.2,4,,,,,,,,0.9992,50,,,,,wbit,wbit,1,396.00,3.33,11,1,43,385,
B_noise,,,,0.3,1.0,,,,,,3,3,0.2,4,,,,,,,,0.9991,50,,,,,wbit,wbit,1,396.00,3.33,11,1,44,386,
B_noise,,,,0.3,1.0,,,,,,3,3,0.2,4,,,,,,,,0.9991,50,,,,,wbit,wbit,1,396.00,3.33,11,1,45,387,
B_noise,,,,0.3,1.0,,,,,,3,3,0.2,4,,,,,,,,0.9991,50,,,,,wbit,wbit,1,396.00,3.33,11,1,46,388,
B_noise,,,,0.3,1.0,,,,,,3,3,0.2,4,,,,,,,,0.9991,50,,,,,wbit,wbit,1,396.00,3.33,11,1,47,389,
B_noise,,,,0.3,1.0,,,,,,3,3,0.2,4,,,,,,,,0.9991,50,,,,,wbit,wbit,1,396.00,3.33,11,1,48,390,
B_noise,,,,0.3,1.0,,,,,,3,3,0.2,4,,,,,,,,0.9991,50,,,,,wbit,wbit,1,396.00,3.33,11,1,49,391,
B_noise,,,,0.3,1.0,,,,,,3,3,0.2,4,,,,,,,,0.9991,50,,,,,wbit,wbit,1,396.00,3.33,11,1,50,392,
B_noise,,,,0.3,1.0,,,,,,3,3,0.2,4,,,,,,,,0.9991,50,,,,,wbit,wbit,1,396.00,3.33,11,1,51,393,
B_noise,,,,0.3,1.0,,,,,,3,3,0.2,4,,,,,,,,0.9991,50,,,,,wbit,wbit,1,396.00,3.33,11,1,52,394,
B_noise,,,,0.3,1.0,,,,,,3,3,0.2,4,,,,,,,,0.9991,50,,,,,wbit,wbit,1,396.00,3.33,11,1,53,395,
B_noise,,,,0.3,1.0,,,,,,3,3,0.2,4,,,,,,,,0.9991,50,,,,,wbit,wbit,1,396.00,3.33,11,1,54,396,
B_noise,,,,0.3,1.0,,,,,,3,3,0.2,4,,,,,,,,0.9994,50,,,,,wbit,wbit,1,396.00,3.33,11,1,55,397,
B_noise,,,,0.3,1.0,,,,,,3,3,0.2,4,,,,,,,,0.9991,50,,,,,wbit,wbit,1,396.00,3.33,11,1,56,398,
B_noise,,,,0.3,1.0,,,,,,3,3,0.2,4,,,,,,,,0.9991,50,,,,,wbit,wbit,1,396.00,3.33,11,1,57,399,
B_noise,,,,0.3,1.0,,,,,,3,3,0.2,4,,,,,,,,0.9991,50,,,,,wbit,wbit,1,396.00,3.33,11,1,58,400,
B_noise,,,,0.3,1.0,,,,,,3,3,0.2,4,,,,,,,,0.9991,50,,,,,wbit,wbit,1,396.00,3.33,11,1,59,401,
B_noise,,,,0.3,1.0,,,,,,3,3,0.2,4,,,,,,,,0.9991,50,,,,,wbit,wbit,1,396.00,3.33,11,1,60,402,
B_noise,,,,0.3,1.0,,,,,,3,3,0.2,4,,,,,,,,0.9991,50,,,,,wbit,wbit,1,396.00,3.33,11,1,61,403,
B_noise,,,,0.3,1.0,,,,,,3,3,0.2,4,,,,,,,,0.9991,50,,,,,wbit,wbit,1,396.00,3.33,11,1,62,404,
B_noise,,,,0.3,1.0,,,,,,3,3,0.2,4,,,,,,,,0.9991,50,,,,,wbit,wbit,1,396.00,3.33,11,1,63,405,
B_noise,,,,0.3,1.0,,,,,,3,3,0.2,4,,,,,,,,0.9991,50,,,,,wbit,wbit,1,396.00,3.33,11,1,64,406,
B_noise,,,,0.3,1.0,,,,,,3,3,0.2,4,,,,,,,,0.9993,50,,,,,wbit,wbit,1,396.00,3.33,11,1,65,407,
B_noise,,,,0.3,1.0,,,,,,3,3,0.2,4,,,,,,,,0.9991,50,,,,,wbit,wbit,1,396.00,3.33,11,1,66,408,
B_noise,,,,0.3,1.0,,,,,,3,3,0.2,4,,,,,,,,0.9991,50,,,,,wbit,wbit,1,396.00,3.33,11,1,67,409,
B_noise,,,,0.3,1.0,,,,,,3,3,0.2,4,,,,,,,,0.9994,50,,,,,wbit,wbit,1,396.00,3.33,11,1,68,410,
B_noise,,,,0.3,1.0,,,,,,3,3,0.2,4,,,,,,,,0.9992,50,,,,,wbit,wbit,1,396.00,3.33,11,1,69,411,
B_noise,,,,0.3,1.0,,,,,,3,3,0.2,4,,,,,,,,0.9991,50,,,,,wbit,wbit,1,396.00,3.33,11,1,70,412,
B_noise,,,,0.3,1.0,,,,,,3,3,0.2,4,,,,,,,,0.9991,50,,,,,wbit,wbit,1,396.00,3.33,11,1,71,413,
B_noise,,,,0.3,1.0,,,,,,3,3,0.2,4,,,,,,,,0.9991,50,,,,,wbit,wbit,1,396.00,3.33,11,1,72,414,
B_noise,,,,0.3,1.0,,,,,,3,3,0.2,4,,,,,,,,0.9991,50,,,,,wbit,wbit,1,396.00,3.33,11,1,73,415,
B_noise,,,,0.3,1.0,,,,,,3,3,0.2,4,,,,,,,,0.9991,50,,,,,wbit,wbit,1,396.00,3.33,11,1,74,416,
B_noise,,,,0.3,1.0,,,,,,3,3,0.2,4,,,,,,,,0.9991,50,,,,,wbit,wbit,1,396.00,3.33,11,1,75,417,
B_noise,,,,0.3,1.0,,,,,,3,3,0.2,4,,,,,,,,0.9991,50,,,,,wbit,wbit,1,396.00,3.33,11,1,76,418,
B_noise,,,,0.3,1.0,,,,,,3,3,0.2,4,,,,,,,,0.9991,50,,,,,wbit,wbit,1,396.00,3.33,11,1,77,419,
B_noise,,,,0.3,1.0,,,,,,3,3,0.2,4,,,,,,,,0.9992,50,,,,,wbit,wbit,1,396.00,3.33,11,1,78,420,
B_noise,,,,0.3,1.0,,,,,,3,3,0.2,4,,,,,,,,0.9991,50,,,,,wbit,wbit,1,396.00,3.33,11,1,79,421,
B_noise,,,,0.3,1.0,,,,,,3,3,0.2,4,,,,,,,,0.9991,50,,,,,wbit,wbit,1,396.00,3.33,11,1,80,422,
B_noise,,,,0.3,1.0,,,,,,3,3,0.2,4,,,,,,,,0.9992,50,,,,,wbit,wbit,1,396.00,3.33,11,1,81,423,
B_noise,,,,0.3,1.0,,,,,,3,3,0.2,4,,,,,,,,0.9991,50,,,,,wbit,wbit,1,396.00,3.33,11,1,82,424,
B_noise,,,,0.3,1.0,,,,,,3,3,0.2,4,,,,,,,,0.9991,50,,,,,wbit,wbit,1,396.00,3.33,11,1,83,425,
B_noise,,,,0.3,1.0,,,,,,3,3,0.2,4,,,,,,,,0.9992,50,,,,,wbit,wbit,1,396.00,3.33,11,1,84,426,
B_noise,,,,0.3,1.0,,,,,,3,3,0.2,4,,,,,,,,0.9993,50,,,,,wbit,wbit,1,396.00,3.33,11,1,85,427,
B_noise,,,,0.3,1.0,,,,,,3,3,0.2,4,,,,,,,,0.9991,50,,,,,wbit,wbit,1,396.00,3.33,11,1,86,428,
B_noise,,,,0.3,1.0,,,,,,3,3,0.2,4,,,,,,,,0.9994,50,,,,,wbit,wbit,1,396.00,3.33,11,1,87,429,
B_noise,,,,0.3,1.0,,,,,,3,3,0.2,4,,,,,,,,0.9992,50,,,,,wbit,wbit,1,396.00,3.33,11,1,88,430,
B_noise,,,,0.3,1.0,,,,,,3,3,0.2,4,,,,,,,,0.9991,50,,,,,wbit,wbit,1,396.00,3.33,11,1,89,431,
B_noise,,,,0.3,1.0,,,,,,3,3,0.2,4,,,,,,,,0.9991,50,,,,,wbit,wbit,1,396.00,3.33,11,1,90,432,
B_noise,,,,0.3,1.0,,,,,,3,3,0.2,4,,,,,,,,0.9991,50,,,,,wbit,wbit,1,396.00,3.33,11,1,91,433,
B_noise,,,,0.3,1.0,,,,,,3,3,0.2,4,,,,,,,,0.9991,50,,,,,wbit,wbit,1,396.00,3.33,11,1,92,434,
B_noise,,,,0.3,1.0,,,,,,3,3,0.2,4,,,,,,,,0.9991,50,,,,,wbit,wbit,1,396.00,3.33,11,1,93,435,
B_noise,,,,0.3,1.0,,,,,,3,3,0.2,4,,,,,,,,0.9991,50,,,,,wbit,wbit,1,396.00,3.33,11,1,94,436,
B_noise,,,,0.3,1.0,,,,,,3,3,0.2,4,,,,,,,,0.9993,50,,,,,wbit,wbit,1,396.00,3.33,11,1,95,437,
B_noise,,,,0.3,1.0,,,,,,3,3,0.2,4,,,,,,,,0.9993,50,,,,,wbit,wbit,1,396.00,3.33,11,1,96,438,
B_noise,,,,0.3,1.0,,,,,,3,3,0.2,4,,,,,,,,0.9991,50,,,,,wbit,wbit,1,396.00,3.33,11,1,97,439,
B_noise,,,,0.3,1.0,,,,,,3,3,0.2,4,,,,,,,,0.9991,50,,,,,wbit,wbit,1,396.00,3.33,11,1,98,440,
B_noise,,,,0.3,1.0,,,,,,3,3,0.2,4,,,,,,,,0.9994,50,,,,,wbit,wbit,1,396.00,3.33,11,1,99,441,
B_noise,,,,0.4,1.0,,,,,,3,3,0.2,4,,,,,,,,0.9991,50,,,,,wbit,wbit,1,396.00,2.50,11,1,0,442,
B_noise,,,,0.4,1.0,,,,,,3,3,0.2,4,,,,,,,,0.9995,50,,,,,wbit,wbit,1,396.00,2.50,11,1,1,443,
B_noise,,,,0.4,1.0,,,,,,3,3,0.2,4,,,,,,,,0.9992,50,,,,,wbit,wbit,1,396.00,2.50,11,1,2,444,
B_noise,,,,0.4,1.0,,,,,,3,3,0.2,4,,,,,,,,0.9991,50,,,,,wbit,wbit,1,396.00,2.50,11,1,3,445,
B_noise,,,,0.4,1.0,,,,,,3,3,0.2,4,,,,,,,,0.9991,50,,,,,wbit,wbit,1,396.00,2.50,11,1,4,446,
B_noise,,,,0.4,1.0,,,,,,3,3,0.2,4,,,,,,,,0.9992,50,,,,,wbit,wbit,1,396.00,2.50,11,1,5,447,
B_noise,,,,0.4,1.0,,,,,,3,3,0.2,4,,,,,,,,0.9991,50,,,,,wbit,wbit,1,396.00,2.50,11,1,6,448,
B_noise,,,,0.4,1.0,,,,,,3,3,0.2,4,,,,,,,,0.9991,50,,,,,wbit,wbit,1,396.00,2.50,11,1,7,449,
B_noise,,,,0.4,1.0,,,,,,3,3,0.2,4,,,,,,,,0.9991,50,,,,,wbit,wbit,1,396.00,2.50,11,1,8,450,
B_noise,,,,0.4,1.0,,,,,,3,3,0.2,4,,,,,,,,0.9991,50,,,,,wbit,wbit,1,396.00,2.50,11,1,9,451,
B_noise,,,,0.4,1.0,,,,,,3,3,0.2,4,,,,,,,,0.9992,50,,,,,wbit,wbit,1,396.00,2.50,11,1,10,452,
B_noise,,,,0.4,1.0,,,,,,3,3,0.2,4,,,,,,,,0.9991,50,,,,,wbit,wbit,1,396.00,2.50,11,1,11,453,
B_noise,,,,0.4,1.0,,,,,,3,3,0.2,4,,,,,,,,0.9991,50,,,,,wbit,wbit,1,396.00,2.50,11,1,12,454,
B_noise,,,,0.4,1.0,,,,,,3,3,0.2,4,,,,,,,,0.9991,50,,,,,wbit,wbit,1,396.00,2.50,11,1,13,455,
B_noise,,,,0.4,1.0,,,,,,3,3,0.2,4,,,,,,,,0.9991,50,,,,,wbit,wbit,1,396.00,2.50,11,1,14,456,
B_noise,,,,0.4,1.0,,,,,,3,3,0.2,4,,,,,,,,0.9991,50,,,,,wbit,wbit,1,396.00,2.50,11,1,15,457,
B_noise,,,,0.4,1.0,,,,,,3,3,0.2,4,,,,,,,,0.9991,50,,,,,wbit,wbit,1,396.00,2.50,11,1,16,458,
B_noise,,,,0.4,1.0,,,,,,3,3,0.2,4,,,,,,,,0.9991,50,,,,,wbit,wbit,1,396.00,2.50,11,1,17,459,
B_noise,,,,0.4,1.0,,,,,,3,3,0.2,4,,,,,,,,0.9995,50,,,,,wbit,wbit,1,396.00,2.50,11,1,18,460,
B_noise,,,,0.4,1.0,,,,,,3,3,0.2,4,,,,,,,,0.9991,50,,,,,wbit,wbit,1,396.00,2.50,11,1,19,461,
B_noise,,,,0.4,1.0,,,,,,3,3,0.2,4,,,,,,,,0.9993,50,,,,,wbit,wbit,1,396.00,2.50,11,1,20,462,
B_noise,,,,0.4,1.0,,,,,,3,3,0.2,4,,,,,,,,0.9995,50,,,,,wbit,wbit,1,396.00,2.50,11,1,21,463,
B_noise,,,,0.4,1.0,,,,,,3,3,0.2,4,,,,,,,,0.9991,50,,,,,wbit,wbit,1,360.00,2.50,10,1,22,464,
B_noise,,,,0.4,1.0,,,,,,3,3,0.2,4,,,,,,,,0.9992,50,,,,,wbit,wbit,1,396.00,2.50,11,1,23,465,
B_noise,,,,0.4,1.0,,,,,,3,3,0.2,4,,,,,,,,0.9991,50,,,,,wbit,wbit,1,396.00,2.50,11,1,24,466,
B_noise,,,,0.4,1.0,,,,,,3,3,0.2,4,,,,,,,,0.9991,50,,,,,wbit,wbit,1,396.00,2.50,11,1,25,467,
B_noise,,,,0.4,1.0,,,,,,3,3,0.2,4,,,,,,,,0.9991,50,,,,,wbit,wbit,1,396.00,2.50,11,1,26,468,
B_noise,,,,0.4,1.0,,,,,,3,3,0.2,4,,,,,,,,0.9993,50,,,,,wbit,wbit,1,396.00,2.50,11,1,27,469,
B_noise,,,,0.4,1.0,,,,,,3,3,0.2,4,,,,,,,,0.9991,50,,,,,wbit,wbit,1,396.00,2.50,11,1,28,470,
B_noise,,,,0.4,1.0,,,,,,3,3,0.2,4,,,,,,,,0.9991,50,,,,,wbit,wbit,1,396.00,2.50,11,1,29,471,
B_noise,,,,0.4,1.0,,,,,,3,3,0.2,4,,,,,,,,0.9993,50,,,,,wbit,wbit,1,396.00,2.50,11,1,30,472,
B_noise,,,,0.4,1.0,,,,,,3,3,0.2,4,,,,,,,,0.9991,50,,,,,wbit,wbit,1,396.00,2.50,11,1,31,473,
B_noise,,,,0.4,1.0,,,,,,3,3,0.2,4,,,,,,,,0.9995,50,,,,,wbit,wbit,1,396.00,2.50,11,1,32,474,
B_noise,,,,0.4,1.0,,,,,,3,3,0.2,4,,,,,,,,0.9991,50,,,,,wbit,wbit,1,396.00,2.50,11,1,33,475,
B_noise,,,,0.4,1.0,,,,,,3,3,0.2,4,,,,,,,,0.9991,50,,,,,wbit,wbit,1,360.00,2.50,10,1,34,476,
B_noise,,,,0.4,1.0,,,,,,3,3,0.2,4,,,,,,,,0.9991,50,,,,,wbit,wbit,1,396.00,2.50,11,1,35,477,
B_noise,,,,0.4,1.0,,,,,,3,3,0.2,4,,,,,,,,0.9991,50,,,,,wbit,wbit,1,396.00,2.50,11,1,36,478,
B_noise,,,,0.4,1.0,,,,,,3,3,0.2,4,,,,,,,,0.9991,50,,,,,wbit,wbit,1,396.00,2.50,11,1,37,479,
B_noise,,,,0.4,1.0,,,,,,3,3,0.2,4,,,,,,,,0.9994,50,,,,,wbit,wbit,1,396.00,2.50,11,1,38,480,
B_noise,,,,0.4,1.0,,,,,,3,3,0.2,4,,,,,,,,0.9991,50,,,,,wbit,wbit,1,396.00,2.50,11,1,39,481,
B_noise,,,,0.4,1.0,,,,,,3,3,0.2,4,,,,,,,,0.9991,50,,,,,wbit,wbit,1,396.00,2.50,11,1,40,482,
B_noise,,,,0.4,1.0,,,,,,3,3,0.2,4,,,,,,,,0.9991,50,,,,,wbit,wbit,1,396.00,2.50,11,1,41,483,
B_noise,,,,0.4,1.0,,,,,,3,3,0.2,4,,,,,,,,0.9991,50,,,,,wbit,wbit,1,396.00,2.50,11,1,42,484,
B_noise,,,,0.4,1.0,,,,,,3,3,0.2,4,,,,,,,,0.9991,50,,,,,wbit,wbit,1,396.00,2.50,11,1,43,485,
B_noise,,,,0.4,1.0,,,,,,3,3,0.2,4,,,,,,,,0.9991,50,,,,,wbit,wbit,1,396.00,2.50,11,1,44,486,
B_noise,,,,0.4,1.0,,,,,,3,3,0.2,4,,,,,,,,0.9991,50,,,,,wbit,wbit,1,396.00,2.50,11,1,45,487,
B_noise,,,,0.4,1.0,,,,,,3,3,0.2,4,,,,,,,,0.9992,50,,,,,wbit,wbit,1,360.00,2.50,10,1,46,488,
B_noise,,,,0.4,1.0,,,,,,3,3,0.2,4,,,,,,,,0.9991,50,,,,,wbit,wbit,1,396.00,2.50,11,1,47,489,
B_noise,,,,0.4,1.0,,,,,,3,3,0.2,4,,,,,,,,0.9991,50,,,,,wbit,wbit,1,396.00,2.50,11,1,48,490,
B_noise,,,,0.4,1.0,,,,,,3,3,0.2,4,,,,,,,,0.9991,50,,,,,wbit,wbit,1,396.00,2.50,11,1,49,491,
B_noise,,,,0.4,1.0,,,,,,3,3,0.2,4,,,,,,,,0.9991,50,,,,,wbit,wbit,1,396.00,2.50,11,1,50,492,
B_noise,,,,0.4,1.0,,,,,,3,3,0.2,4,,,,,,,,0.9991,50,,,,,wbit,wbit,1,396.00,2.50,11,1,51,493,
B_noise,,,,0.4,1.0,,,,,,3,3,0.2,4,,,,,,,,0.9994,50,,,,,wbit,wbit,1,396.00,2.50,11,1,52,494,
B_noise,,,,0.4,1.0,,,,,,3,3,0.2,4,,,,,,,,0.9991,50,,,,,wbit,wbit,1,396.00,2.50,11,1,53,495,
B_noise,,,,0.4,1.0,,,,,,3,3,0.2,4,,,,,,,,0.9991,50,,,,,wbit,wbit,1,396.00,2.50,11,1,54,496,
B_noise,,,,0.4,1.0,,,,,,3,3,0.2,4,,,,,,,,0.9995,50,,,,,wbit,wbit,1,396.00,2.50,11,1,55,497,
B_noise,,,,0.4,1.0,,,,,,3,3,0.2,4,,,,,,,,0.9991,50,,,,,wbit,wbit,1,396.00,2.50,11,1,56,498,
B_noise,,,,0.4,1.0,,,,,,3,3,0.2,4,,,,,,,,0.9991,50,,,,,wbit,wbit,1,396.00,2.50,11,1,57,499,
B_noise,,,,0.4,1.0,,,,,,3,3,0.2,4,,,,,,,,0.9992,50,,,,,wbit,wbit,1,396.00,2.50,11,1,58,500,
B_noise,,,,0.4,1.0,,,,,,3,3,0.2,4,,,,,,,,0.9991,50,,,,,wbit,wbit,1,396.00,2.50,11,1,59,501,
B_noise,,,,0.4,1.0,,,,,,3,3,0.2,4,,,,,,,,0.9994,50,,,,,wbit,wbit,1,396.00,2.50,11,1,60,502,
B_noise,,,,0.4,1.0,,,,,,3,3,0.2,4,,,,,,,,0.9992,50,,,,,wbit,wbit,1,396.00,2.50,11,1,61,503,
B_noise,,,,0.4,1.0,,,,,,3,3,0.2,4,,,,,,,,0.9995,50,,,,,wbit,wbit,1,396.00,2.50,11,1,62,504,
B_noise,,,,0.4,1.0,,,,,,3,3,0.2,4,,,,,,,,0.9991,50,,,,,wbit,wbit,1,396.00,2.50,11,1,63,505,
B_noise,,,,0.4,1.0,,,,,,3,3,0.2,4,,,,,,,,0.9991,50,,,,,wbit,wbit,1,396.00,2.50,11,1,64,506,
B_noise,,,,0.4,1.0,,,,,,3,3,0.2,4,,,,,,,,0.9991,50,,,,,wbit,wbit,1,396.00,2.50,11,1,65,507,
B_noise,,,,0.4,1.0,,,,,,3,3,0.2,4,,,,,,,,0.9991,50,,,,,wbit,wbit,1,396.00,2.50,11,1,66,508,
B_noise,,,,0.4,1.0,,,,,,3,3,0.2,4,,,,,,,,0.9991,50,,,,,wbit,wbit,1,396.00,2.50,11,1,67,509,
B_noise,,,,0.4,1.0,,,,,,3,3,0.2,4,,,,,,,,0.9992,50,,,,,wbit,wbit,1,396.00,2.50,11,1,68,510,
B_noise,,,,0.4,1.0,,,,,,3,3,0.2,4,,,,,,,,0.9991,50,,,,,wbit,wbit,1,396.00,2.50,11,1,69,511,
B_noise,,,,0.4,1.0,,,,,,3,3,0.2,4,,,,,,,,0.9991,50,,,,,wbit,wbit,1,396.00,2.50,11,1,70,512,
B_noise,,,,0.4,1.0,,,,,,3,3,0.2,4,,,,,,,,0.9991,50,,,,,wbit,wbit,1,396.00,2.50,11,1,71,513,
B_noise,,,,0.4,1.0,,,,,,3,3,0.2,4,,,,,,,,0.9991,50,,,,,wbit,wbit,1,396.00,2.50,11,1,72,514,
B_noise,,,,0.4,1.0,,,,,,3,3,0.2,4,,,,,,,,0.9991,50,,,,,wbit,wbit,1,360.00,2.50,10,1,73,515,
B_noise,,,,0.4,1.0,,,,,,3,3,0.2,4,,,,,,,,0.9991,50,,,,,wbit,wbit,1,396.00,2.50,11,1,74,516,
B_noise,,,,0.4,1.0,,,,,,3,3,0.2,4,,,,,,,,0.9992,50,,,,,wbit,wbit,1,396.00,2.50,11,1,75,517,
B_noise,,,,0.4,1.0,,,,,,3,3,0.2,4,,,,,,,,0.9991,50,,,,,wbit,wbit,1,396.00,2.50,11,1,76,518,
B_noise,,,,0.4,1.0,,,,,,3,3,0.2,4,,,,,,,,0.9991,50,,,,,wbit,wbit,1,396.00,2.50,11,1,77,519,
B_noise,,,,0.4,1.0,,,,,,3,3,0.2,4,,,,,,,,0.9993,50,,,,,wbit,wbit,1,396.00,2.50,11,1,78,520,
B_noise,,,,0.4,1.0,,,,,,3,3,0.2,4,,,,,,,,0.9991,50,,,,,wbit,wbit,1,396.00,2.50,11,1,79,521,
B_noise,,,,0.4,1.0,,,,,,3,3,0.2,4,,,,,,,,0.9992,50,,,,,wbit,wbit,1,396.00,2.50,11,1,80,522,
B_noise,,,,0.4,1.0,,,,,,3,3,0.2,4,,,,,,,,0.9991,50,,,,,wbit,wbit,1,396.00,2.50,11,1,81,523,
B_noise,,,,0.4,1.0,,,,,,3,3,0.2,4,,,,,,,,0.9991,50,,,,,wbit,wbit,1,396.00,2.50,11,1,82,524,
B_noise,,,,0.4,1.0,,,,,,3,3,0.2,4,,,,,,,,0.9991,50,,,,,wbit,wbit,1,396.00,2.50,11,1,83,525,
B_noise,,,,0.4,1.0,,,,,,3,3,0.2,4,,,,,,,,0.9991,50,,,,,wbit,wbit,1,396.00,2.50,11,1,84,526,
B_noise,,,,0.4,1.0,,,,,,3,3,0.2,4,,,,,,,,0.9991,50,,,,,wbit,wbit,1,396.00,2.50,11,1,85,527,
B_noise,,,,0.4,1.0,,,,,,3,3,0.2,4,,,,,,,,0.9991,50,,,,,wbit,wbit,1,396.00,2.50,11,1,86,528,
B_noise,,,,0.4,1.0,,,,,,3,3,0.2,4,,,,,,,,0.9991,50,,,,,wbit,wbit,1,360.00,2.50,10,1,87,529,
B_noise,,,,0.4,1.0,,,,,,3,3,0.2,4,,,,,,,,0.9990,50,,,,,wbit,wbit,1,396.00,2.50,11,1,88,530,
B_noise,,,,0.4,1.0,,,,,,3,3,0.2,4,,,,,,,,0.9991,50,,,,,wbit,wbit,1,396.00,2.50,11,1,89,531,
B_noise,,,,0.4,1.0,,,,,,3,3,0.2,4,,,,,,,,0.9991,50,,,,,wbit,wbit,1,396.00,2.50,11,1,90,532,
B_noise,,,,0.4,1.0,,,,,,3,3,0.2,4,,,,,,,,0.9991,50,,,,,wbit,wbit,1,396.00,2.50,11,1,91,533,
B_noise,,,,0.4,1.0,,,,,,3,3,0.2,4,,,,,,,,0.9991,50,,,,,wbit,wbit,1,396.00,2.50,11,1,92,534,
B_noise,,,,0.4,1.0,,,,,,3,3,0.2,4,,,,,,,,0.9993,50,,,,,wbit,wbit,1,396.00,2.50,11,1,93,535,
B_noise,,,,0.4,1.0,,,,,,3,3,0.2,4,,,,,,,,0.9992,50,,,,,wbit,wbit,1,396.00,2.50,11,1,94,536,
B_noise,,,,0.4,1.0,,,,,,3,3,0.2,4,,,,,,,,0.9991,50,,,,,wbit,wbit,1,396.00,2.50,11,1,95,537,
B_noise,,,,0.4,1.0,,,,,,3,3,0.2,4,,,,,,,,0.9994,50,,,,,wbit,wbit,1,396.00,2.50,11,1,96,538,
B_noise,,,,0.4,1.0,,,,,,3,3,0.2,4,,,,,,,,0.9991,50,,,,,wbit,wbit,1,396.00,2.50,11,1,97,539,
B_noise,,,,0.4,1.0,,,,,,3,3,0.2,4,,,,,,,,0.9993,50,,,,,wbit,wbit,1,396.00,2.50,11,1,98,540,
B_noise,,,,0.4,1.0,,,,,,3,3,0.2,4,,,,,,,,0.9992,50,,,,,wbit,wbit,1,396.00,2.50,11,1,99,541,
B_noise,,,,0.5,1.0,,,,,,3,3,0.2,4,,,,,,,,0.9991,50,,,,,wbit,wbit,1,396.00,2.00,11,1,0,542,
B_noise,,,,0.5,1.0,,,,,,3,3,0.2,4,,,,,,,,0.9991,50,,,,,wbit,wbit,1,396.00,2.00,11,1,1,543,
B_noise,,,,0.5,1.0,,,,,,3,3,0.2,4,,,,,,,,0.9990,50,,,,,wbit,wbit,1,360.00,2.00,10,1,2,544,
B_noise,,,,0.5,1.0,,,,,,3,3,0.2,4,,,,,,,,0.9991,50,,,,,wbit,wbit,1,396.00,2.00,11,1,3,545,
B_noise,,,,0.5,1.0,,,,,,3,3,0.2,4,,,,,,,,0.9991,50,,,,,wbit,wbit,1,396.00,2.00,11,1,4,546,
B_noise,,,,0.5,1.0,,,,,,3,3,0.2,4,,,,,,,,0.9991,50,,,,,wbit,wbit,1,396.00,2.00,11,1,5,547,
B_noise,,,,0.5,1.0,,,,,,3,3,0.2,4,,,,,,,,0.9993,50,,,,,wbit,wbit,1,396.00,2.00,11,1,6,548,
B_noise,,,,0.5,1.0,,,,,,3,3,0.2,4,,,,,,,,0.9992,50,,,,,wbit,wbit,1,396.00,2.00,11,1,7,549,
B_noise,,,,0.5,1.0,,,,,,3,3,0.2,4,,,,,,,,0.9991,50,,,,,wbit,wbit,1,396.00,2.00,11,1,8,550,
B_noise,,,,0.5,1.0,,,,,,3,3,0.2,4,,,,,,,,0.9992,50,,,,,wbit,wbit,1,396.00,2.00,11,1,9,551,
B_noise,,,,0.5,1.0,,,,,,3,3,0.2,4,,,,,,,,0.9991,50,,,,,wbit,wbit,1,396.00,2.00,11,1,10,552,
B_noise,,,,0.5,1.0,,,,,,3,3,0.2,4,,,,,,,,0.9991,50,,,,,wbit,wbit,1,396.00,2.00,11,1,11,553,
B_noise,,,,0.5,1.0,,,,,,3,3,0.2,4,,,,,,,,0.9992,50,,,,,wbit,wbit,1,396.00,2.00,11,1,12,554,
B_noise,,,,0.5,1.0,,,,,,3,3,0.2,4,,,,,,,,0.9992,50,,,,,wbit,wbit,1,360.00,2.00,10,1,13,555,
B_noise,,,,0.5,1.0,,,,,,3,3,0.2,4,,,,,,,,0.9994,50,,,,,wbit,wbit,1,396.00,2.00,11,1,14,556,
B_noise,,,,0.5,1.0,,,,,,3,3,0.2,4,,,,,,,,0.9991,50,,,,,wbit,wbit,1,396.00,2.00,11,1,15,557,
B_noise,,,,0.5,1.0,,,,,,3,3,0.2,4,,,,,,,,0.9991,50,,,,,wbit,wbit,1,396.00,2.00,11,1,16,558,
B_noise,,,,0.5,1.0,,,,,,3,3,0.2,4,,,,,,,,0.9991,50,,,,,wbit,wbit,1,396.00,2.00,11,1,17,559,
B_noise,,,,0.5,1.0,,,,,,3,3,0.2,4,,,,,,,,0.9991,50,,,,,wbit,wbit,1,396.00,2.00,11,1,18,560,
B_noise,,,,0.5,1.0,,,,,,3,3,0.2,4,,,,,,,,0.9994,50,,,,,wbit,wbit,1,396.00,2.00,11,1,19,561,
B_noise,,,,0.5,1.0,,,,,,3,3,0.2,4,,,,,,,,0.9991,50,,,,,wbit,wbit,1,396.00,2.00,11,1,20,562,
B_noise,,,,0.5,1.0,,,,,,3,3,0.2,4,,,,,,,,0.9992,50,,,,,wbit,wbit,1,396.00,2.00,11,1,21,563,
B_noise,,,,0.5,1.0,,,,,,3,3,0.2,4,,,,,,,,0.9994,50,,,,,wbit,wbit,1,396.00,2.00,11,1,22,564,
B_noise,,,,0.5,1.0,,,,,,3,3,0.2,4,,,,,,,,0.9991,50,,,,,wbit,wbit,1,396.00,2.00,11,1,23,565,
B_noise,,,,0.5,1.0,,,,,,3,3,0.2,4,,,,,,,,0.9991,50,,,,,wbit,wbit,1,360.00,2.00,10,1,24,566,
B_noise,,,,0.5,1.0,,,,,,3,3,0.2,4,,,,,,,,0.9991,50,,,,,wbit,wbit,1,396.00,2.00,11,1,25,567,
B_noise,,,,0.5,1.0,,,,,,3,3,0.2,4,,,,,,,,0.9991,50,,,,,wbit,wbit,1,396.00,2.00,11,1,26,568,
B_noise,,,,0.5,1.0,,,,,,3,3,0.2,4,,,,,,,,0.9993,50,,,,,wbit,wbit,1,396.00,2.00,11,1,27,569,
B_noise,,,,0.5,1.0,,,,,,3,3,0.2,4,,,,,,,,0.9991,50,,,,,wbit,wbit,1,396.00,2.00,11,1,28,570,
B_noise,,,,0.5,1.0,,,,,,3,3,0.2,4,,,,,,,,0.9991,50,,,,,wbit,wbit,1,396.00,2.00,11,1,29,571,
B_noise,,,,0.5,1.0,,,,,,3,3,0.2,4,,,,,,,,0.9991,50,,,,,wbit,wbit,1,396.00,2.00,11,1,30,572,
B_noise,,,,0.5,1.0,,,,,,3,3,0.2,4,,,,,,,,0.9994,50,,,,,wbit,wbit,1,396.00,2.00,11,1,31,573,
B_noise,,,,0.5,1.0,,,,,,3,3,0.2,4,,,,,,,,0.9991,50,,,,,wbit,wbit,1,396.00,2.00,11,1,32,574,
B_noise,,,,0.5,1.0,,,,,,3,3,0.2,4,,,,,,,,0.9993,50,,,,,wbit,wbit,1,396.00,2.00,11,1,33,575,
B_noise,,,,0.5,1.0,,,,,,3,3,0.2,4,,,,,,,,0.9991,50,,,,,wbit,wbit,1,396.00,2.00,11,1,34,576,
B_noise,,,,0.5,1.0,,,,,,3,3,0.2,4,,,,,,,,0.9991,50,,,,,wbit,wbit,1,396.00,2.00,11,1,35,577,
B_noise,,,,0.5,1.0,,,,,,3,3,0.2,4,,,,,,,,0.9991,50,,,,,wbit,wbit,1,396.00,2.00,11,1,36,578,
B_noise,,,,0.5,1.0,,,,,,3,3,0.2,4,,,,,,,,0.9992,50,,,,,wbit,wbit,1,396.00,2.00,11,1,37,579,
B_noise,,,,0.5,1.0,,,,,,3,3,0.2,4,,,,,,,,0.9991,50,,,,,wbit,wbit,1,396.00,2.00,11,1,38,580,
B_noise,,,,0.5,1.0,,,,,,3,3,0.2,4,,,,,,,,0.9991,50,,,,,wbit,wbit,1,396.00,2.00,11,1,39,581,
B_noise,,,,0.5,1.0,,,,,,3,3,0.2,4,,,,,,,,0.9992,50,,,,,wbit,wbit,1,396.00,2.00,11,1,40,582,
B_noise,,,,0.5,1.0,,,,,,3,3,0.2,4,,,,,,,,0.9991,50,,,,,wbit,wbit,1,396.00,2.00,11,1,41,583,
B_noise,,,,0.5,1.0,,,,,,3,3,0.2,4,,,,,,,,0.9991,50,,,,,wbit,wbit,1,396.00,2.00,11,1,42,584,
B_noise,,,,0.5,1.0,,,,,,3,3,0.2,4,,,,,,,,0.9991,50,,,,,wbit,wbit,1,396.00,2.00,11,1,43,585,
B_noise,,,,0.5,1.0,,,,,,3,3,0.2,4,,,,,,,,0.9991,50,,,,,wbit,wbit,1,360.00,2.00,10,1,44,586,
B_noise,,,,0.5,1.0,,,,,,3,3,0.2,4,,,,,,,,0.9991,50,,,,,wbit,wbit,1,396.00,2.00,11,1,45,587,
B_noise,,,,0.5,1.0,,,,,,3,3,0.2,4,,,,,,,,0.9994,50,,,,,wbit,wbit,1,396.00,2.00,11,1,46,588,
B_noise,,,,0.5,1.0,,,,,,3,3,0.2,4,,,,,,,,0.9991,50,,,,,wbit,wbit,1,396.00,2.00,11,1,47,589,
B_noise,,,,0.5,1.0,,,,,,3,3,0.2,4,,,,,,,,0.9992,50,,,,,wbit,wbit,1,360.00,2.00,10,1,48,590,
B_noise,,,,0.5,1.0,,,,,,3,3,0.2,4,,,,,,,,0.9991,50,,,,,wbit,wbit,1,396.00,2.00,11,1,49,591,
B_noise,,,,0.5,1.0,,,,,,3,3,0.2,4,,,,,,,,0.9993,50,,,,,wbit,wbit,1,396.00,2.00,11,1,50,592,
B_noise,,,,0.5,1.0,,,,,,3,3,0.2,4,,,,,,,,0.9991,50,,,,,wbit,wbit,1,396.00,2.00,11,1,51,593,
B_noise,,,,0.5,1.0,,,,,,3,3,0.2,4,,,,,,,,0.9991,50,,,,,wbit,wbit,1,396.00,2.00,11,1,52,594,
B_noise,,,,0.5,1.0,,,,,,3,3,0.2,4,,,,,,,,0.9991,50,,,,,wbit,wbit,1,396.00,2.00,11,1,53,595,
B_noise,,,,0.5,1.0,,,,,,3,3,0.2,4,,,,,,,,0.9991,50,,,,,wbit,wbit,1,396.00,2.00,11,1,54,596,
B_noise,,,,0.5,1.0,,,,,,3,3,0.2,4,,,,,,,,0.9991,50,,,,,wbit,wbit,1,396.00,2.00,11,1,55,597,
B_noise,,,,0.5,1.0,,,,,,3,3,0.2,4,,,,,,,,0.9991,50,,,,,wbit,wbit,1,396.00,2.00,11,1,56,598,
B_noise,,,,0.5,1.0,,,,,,3,3,0.2,4,,,,,,,,0.9991,50,,,,,wbit,wbit,1,396.00,2.00,11,1,57,599,
B_noise,,,,0.5,1.0,,,,,,3,3,0.2,4,,,,,,,,0.9991,50,,,,,wbit,wbit,1,396.00,2.00,11,1,58,600,
B_noise,,,,0.5,1.0,,,,,,3,3,0.2,4,,,,,,,,0.9991,50,,,,,wbit,wbit,1,396.00,2.00,11,1,59,601,
B_noise,,,,0.5,1.0,,,,,,3,3,0.2,4,,,,,,,,0.9991,50,,,,,wbit,wbit,1,396.00,2.00,11,1,60,602,
B_noise,,,,0.5,1.0,,,,,,3,3,0.2,4,,,,,,,,0.9992,50,,,,,wbit,wbit,1,396.00,2.00,11,1,61,603,
B_noise,,,,0.5,1.0,,,,,,3,3,0.2,4,,,,,,,,0.9991,50,,,,,wbit,wbit,1,396.00,2.00,11,1,62,604,
B_noise,,,,0.5,1.0,,,,,,3,3,0.2,4,,,,,,,,0.9990,50,,,,,wbit,wbit,1,360.00,2.00,10,1,63,605,
B_noise,,,,0.5,1.0,,,,,,3,3,0.2,4,,,,,,,,0.9992,50,,,,,wbit,wbit,1,360.00,2.00,10,1,64,606,
B_noise,,,,0.5,1.0,,,,,,3,3,0.2,4,,,,,,,,0.9991,50,,,,,wbit,wbit,1,396.00,2.00,11,1,65,607,
B_noise,,,,0.5,1.0,,,,,,3,3,0.2,4,,,,,,,,0.9993,50,,,,,wbit,wbit,1,396.00,2.00,11,1,66,608,
B_noise,,,,0.5,1.0,,,,,,3,3,0.2,4,,,,,,,,0.9991,50,,,,,wbit,wbit,1,396.00,2.00,11,1,67,609,
B_noise,,,,0.5,1.0,,,,,,3,3,0.2,4,,,,,,,,0.9991,50,,,,,wbit,wbit,1,396.00,2.00,11,1,68,610,
B_noise,,,,0.5,1.0,,,,,,3,3,0.2,4,,,,,,,,0.9992,50,,,,,wbit,wbit,1,396.00,2.00,11,1,69,611,
B_noise,,,,0.5,1.0,,,,,,3,3,0.2,4,,,,,,,,0.9991,50,,,,,wbit,wbit,1,396.00,2.00,11,1,70,612,
B_noise,,,,0.5,1.0,,,,,,3,3,0.2,4,,,,,,,,0.9991,50,,,,,wbit,wbit,1,396.00,2.00,11,1,71,613,
B_noise,,,,0.5,1.0,,,,,,3,3,0.2,4,,,,,,,,0.9991,50,,,,,wbit,wbit,1,396.00,2.00,11,1,72,614,
B_noise,,,,0.5,1.0,,,,,,3,3,0.2,4,,,,,,,,0.9993,50,,,,,wbit,wbit,1,396.00,2.00,11,1,73,615,
B_noise,,,,0.5,1.0,,,,,,3,3,0.2,4,,,,,,,,0.9991,50,,,,,wbit,wbit,1,396.00,2.00,11,1,74,616,
B_noise,,,,0.5,1.0,,,,,,3,3,0.2,4,,,,,,,,0.9991,50,,,,,wbit,wbit,1,396.00,2.00,11,1,75,617,
B_noise,,,,0.5,1.0,,,,,,3,3,0.2,4,,,,,,,,0.9991,50,,,,,wbit,wbit,1,396.00,2.00,11,1,76,618,
B_noise,,,,0.5,1.0,,,,,,3,3,0.2,4,,,,,,,,0.9991,50,,,,,wbit,wbit,1,396.00,2.00,11,1,77,619,
B_noise,,,,0.5,1.0,,,,,,3,3,0.2,4,,,,,,,,0.9991,50,,,,,wbit,wbit,1,396.00,2.00,11,1,78,620,
B_noise,,,,0.5,1.0,,,,,,3,3,0.2,4,,,,,,,,0.9991,50,,,,,wbit,wbit,1,396.00,2.00,11,1,79,621,
B_noise,,,,0.5,1.0,,,,,,3,3,0.2,4,,,,,,,,0.9991,50,,,,,wbit,wbit,1,396.00,2.00,11,1,80,622,
B_noise,,,,0.5,1.0,,,,,,3,3,0.2,4,,,,,,,,0.9992,50,,,,,wbit,wbit,1,360.00,2.00,10,1,81,623,
B_noise,,,,0.5,1.0,,,,,,3,3,0.2,4,,,,,,,,0.9991,50,,,,,wbit,wbit,1,396.00,2.00,11,1,82,624,
B_noise,,,,0.5,1.0,,,,,,3,3,0.2,4,,,,,,,,0.9992,50,,,,,wbit,wbit,1,396.00,2.00,11,1,83,625,
B_noise,,,,0.5,1.0,,,,,,3,3,0.2,4,,,,,,,,0.9993,50,,,,,wbit,wbit,1,396.00,2.00,11,1,84,626,
B_noise,,,,0.5,1.0,,,,,,3,3,0.2,4,,,,,,,,0.9991,50,,,,,wbit,wbit,1,360.00,2.00,10,1,85,627,
B_noise,,,,0.5,1.0,,,,,,3,3,0.2,4,,,,,,,,0.9991,50,,,,,wbit,wbit,1,396.00,2.00,11,1,86,628,
B_noise,,,,0.5,1.0,,,,,,3,3,0.2,4,,,,,,,,0.9991,50,,,,,wbit,wbit,1,396.00,2.00,11,1,87,629,
B_noise,,,,0.5,1.0,,,,,,3,3,0.2,4,,,,,,,,0.9991,50,,,,,wbit,wbit,1,396.00,2.00,11,1,88,630,
B_noise,,,,0.5,1.0,,,,,,3,3,0.2,4,,,,,,,,0.9991,50,,,,,wbit,wbit,1,396.00,2.00,11,1,89,631,
B_noise,,,,0.5,1.0,,,,,,3,3,0.2,4,,,,,,,,0.9991,50,,,,,wbit,wbit,1,396.00,2.00,11,1,90,632,
B_noise,,,,0.5,1.0,,,,,,3,3,0.2,4,,,,,,,,0.9991,50,,,,,wbit,wbit,1,396.00,2.00,11,1,91,633,
B_noise,,,,0.5,1.0,,,,,,3,3,0.2,4,,,,,,,,0.9991,50,,,,,wbit,wbit,1,396.00,2.00,11,1,92,634,
B_noise,,,,0.5,1.0,,,,,,3,3,0.2,4,,,,,,,,0.9991,50,,,,,wbit,wbit,1,396.00,2.00,11,1,93,635,
B_noise,,,,0.5,1.0,,,,,,3,3,0.2,4,,,,,,,,0.9991,50,,,,,wbit,wbit,1,396.00,2.00,11,1,94,636,
B_noise,,,,0.5,1.0,,,,,,3,3,0.2,4,,,,,,,,0.9992,50,,,,,wbit,wbit,1,396.00,2.00,11,1,95,637,
B_noise,,,,0.5,1.0,,,,,,3,3,0.2,4,,,,,,,,0.9991,50,,,,,wbit,wbit,1,396.00,2.00,11,1,96,638,
B_noise,,,,0.5,1.0,,,,,,3,3,0.2,4,,,,,,,,0.9991,50,,,,,wbit,wbit,1,396.00,2.00,11,1,97,639,
B_noise,,,,0.5,1.0,,,,,,3,3,0.2,4,,,,,,,,0.9991,50,,,,,wbit,wbit,1,396.00,2.00,11,1,98,640,
B_noise,,,,0.5,1.0,,,,,,3,3,0.2,4,,,,,,,,0.9991,50,,,,,wbit,wbit,1,396.00,2.00,11,1,99,641,
B_noise,,,,0.6,1.0,,,,,,3,3,0.2,4,,,,,,,,0.9991,50,,,,,wbit,wbit,1,396.00,1.67,11,1,0,642,
B_noise,,,,0.6,1.0,,,,,,3,3,0.2,4,,,,,,,,0.9991,50,,,,,wbit,wbit,1,396.00,1.67,11,1,1,643,
B_noise,,,,0.6,1.0,,,,,,3,3,0.2,4,,,,,,,,0.9991,50,,,,,wbit,wbit,1,396.00,1.67,11,1,2,644,
B_noise,,,,0.6,1.0,,,,,,3,3,0.2,4,,,,,,,,0.9990,50,,,,,wbit,wbit,1,360.00,1.67,10,1,3,645,
B_noise,,,,0.6,1.0,,,,,,3,3,0.2,4,,,,,,,,0.9992,50,,,,,wbit,wbit,1,396.00,1.67,11,1,4,646,
B_noise,,,,0.6,1.0,,,,,,3,3,0.2,4,,,,,,,,0.9991,50,,,,,wbit,wbit,1,396.00,1.67,11,1,5,647,
B_noise,,,,0.6,1.0,,,,,,3,3,0.2,4,,,,,,,,0.9990,50,,,,,wbit,wbit,1,360.00,1.67,10,1,6,648,
B_noise,,,,0.6,1.0,,,,,,3,3,0.2,4,,,,,,,,0.9991,50,,,,,wbit,wbit,1,396.00,1.67,11,1,7,649,
B_noise,,,,0.6,1.0,,,,,,3,3,0.2,4,,,,,,,,0.9991,50,,,,,wbit,wbit,1,396.00,1.67,11,1,8,650,
B_noise,,,,0.6,1.0,,,,,,3,3,0.2,4,,,,,,,,0.9991,50,,,,,wbit,wbit,1,396.00,1.67,11,1,9,651,
B_noise,,,,0.6,1.0,,,,,,3,3,0.2,4,,,,,,,,0.9991,50,,,,,wbit,wbit,1,396.00,1.67,11,1,10,652,
B_noise,,,,0.6,1.0,,,,,,3,3,0.2,4,,,,,,,,0.9993,50,,,,,wbit,wbit,1,396.00,1.67,11,1,11,653,
B_noise,,,,0.6,1.0,,,,,,3,3,0.2,4,,,,,,,,0.9991,50,,,,,wbit,wbit,1,396.00,1.67,11,1,12,654,
B_noise,,,,0.6,1.0,,,,,,3,3,0.2,4,,,,,,,,0.9992,50,,,,,wbit,wbit,1,396.00,1.67,11,1,13,655,
B_noise,,,,0.6,1.0,,,,,,3,3,0.2,4,,,,,,,,0.9991,50,,,,,wbit,wbit,1,396.00,1.67,11,1,14,656,
B_noise,,,,0.6,1.0,,,,,,3,3,0.2,4,,,,,,,,0.9991,50,,,,,wbit,wbit,1,396.00,1.67,11,1,15,657,
B_noise,,,,0.6,1.0,,,,,,3,3,0.2,4,,,,,,,,0.9992,50,,,,,wbit,wbit,1,396.00,1.67,11,1,16,658,
B_noise,,,,0.6,1.0,,,,,,3,3,0.2,4,,,,,,,,0.9990,50,,,,,wbit,wbit,1,396.00,1.67,11,1,17,659,
B_noise,,,,0.6,1.0,,,,,,3,3,0.2,4,,,,,,,,0.9991,50,,,,,wbit,wbit,1,396.00,1.67,11,1,18,660,
B_noise,,,,0.6,1.0,,,,,,3,3,0.2,4,,,,,,,,0.9991,50,,,,,wbit,wbit,1,396.00,1.67,11,1,19,661,
B_noise,,,,0.6,1.0,,,,,,3,3,0.2,4,,,,,,,,0.9991,50,,,,,wbit,wbit,1,396.00,1.67,11,1,20,662,
B_noise,,,,0.6,1.0,,,,,,3,3,0.2,4,,,,,,,,0.9991,50,,,,,wbit,wbit,1,396.00,1.67,11,1,21,663,
B_noise,,,,0.6,1.0,,,,,,3,3,0.2,4,,,,,,,,0.9992,50,,,,,wbit,wbit,1,360.00,1.67,10,1,22,664,
B_noise,,,,0.6,1.0,,,,,,3,3,0.2,4,,,,,,,,0.9991,50,,,,,wbit,wbit,1,396.00,1.67,11,1,23,665,
B_noise,,,,0.6,1.0,,,,,,3,3,0.2,4,,,,,,,,0.9991,50,,,,,wbit,wbit,1,396.00,1.67,11,1,24,666,
B_noise,,,,0.6,1.0,,,,,,3,3,0.2,4,,,,,,,,0.9990,50,,,,,wbit,wbit,1,396.00,1.67,11,1,25,667,
B_noise,,,,0.6,1.0,,,,,,3,3,0.2,4,,,,,,,,0.9991,50,,,,,wbit,wbit,1,396.00,1.67,11,1,26,668,
B_noise,,,,0.6,1.0,,,,,,3,3,0.2,4,,,,,,,,0.9994,50,,,,,wbit,wbit,1,396.00,1.67,11,1,27,669,
B_noise,,,,0.6,1.0,,,,,,3,3,0.2,4,,,,,,,,0.9991,50,,,,,wbit,wbit,1,396.00,1.67,11,1,28,670,
B_noise,,,,0.6,1.0,,,,,,3,3,0.2,4,,,,,,,,0.9991,50,,,,,wbit,wbit,1,396.00,1.67,11,1,29,671,
B_noise,,,,0.6,1.0,,,,,,3,3,0.2,4,,,,,,,,0.9991,50,,,,,wbit,wbit,1,396.00,1.67,11,1,30,672,
B_noise,,,,0.6,1.0,,,,,,3,3,0.2,4,,,,,,,,0.9991,50,,,,,wbit,wbit,1,396.00,1.67,11,1,31,673,
B_noise,,,,0.6,1.0,,,,,,3,3,0.2,4,,,,,,,,0.9991,50,,,,,wbit,wbit,1,396.00,1.67,11,1,32,674,
B_noise,,,,0.6,1.0,,,,,,3,3,0.2,4,,,,,,,,0.9991,50,,,,,wbit,wbit,1,396.00,1.67,11,1,33,675,
B_noise,,,,0.6,1.0,,,,,,3,3,0.2,4,,,,,,,,0.9991,50,,,,,wbit,wbit,1,360.00,1.67,10,1,34,676,
B_noise,,,,0.6,1.0,,,,,,3,3,0.2,4,,,,,,,,0.9991,50,,,,,wbit,wbit,1,396.00,1.67,11,1,35,677,
B_noise,,,,0.6,1.0,,,,,,3,3,0.2,4,,,,,,,,0.9993,50,,,,,wbit,wbit,1,396.00,1.67,11,1,36,678,
B_noise,,,,0.6,1.0,,,,,,3,3,0.2,4,,,,,,,,0.9991,50,,,,,wbit,wbit,1,396.00,1.67,11,1,37,679,
B_noise,,,,0.6,1.0,,,,,,3,3,0.2,4,,,,,,,,0.9991,50,,,,,wbit,wbit,1,360.00,1.67,10,1,38,680,
B_noise,,,,0.6,1.0,,,,,,3,3,0.2,4,,,,,,,,0.9991,50,,,,,wbit,wbit,1,396.00,1.67,11,1,39,681,
B_noise,,,,0.6,1.0,,,,,,3,3,0.2,4,,,,,,,,0.9991,50,,,,,wbit,wbit,1,396.00,1.67,11,1,40,682,
B_noise,,,,0.6,1.0,,,,,,3,3,0.2,4,,,,,,,,0.9991,50,,,,,wbit,wbit,1,396.00,1.67,11,1,41,683,
B_noise,,,,0.6,1.0,,,,,,3,3,0.2,4,,,,,,,,0.9991,50,,,,,wbit,wbit,1,360.00,1.67,10,1,42,684,
B_noise,,,,0.6,1.0,,,,,,3,3,0.2,4,,,,,,,,0.9991,50,,,,,wbit,wbit,1,396.00,1.67,11,1,43,685,
B_noise,,,,0.6,1.0,,,,,,3,3,0.2,4,,,,,,,,0.9992,50,,,,,wbit,wbit,1,396.00,1.67,11,1,44,686,
B_noise,,,,0.6,1.0,,,,,,3,3,0.2,4,,,,,,,,0.9991,50,,,,,wbit,wbit,1,396.00,1.67,11,1,45,687,
B_noise,,,,0.6,1.0,,,,,,3,3,0.2,4,,,,,,,,0.9991,50,,,,,wbit,wbit,1,396.00,1.67,11,1,46,688,
B_noise,,,,0.6,1.0,,,,,,3,3,0.2,4,,,,,,,,0.9995,50,,,,,wbit,wbit,1,396.00,1.67,11,1,47,689,
B_noise,,,,0.6,1.0,,,,,,3,3,0.2,4,,,,,,,,0.9991,50,,,,,wbit,wbit,1,396.00,1.67,11,1,48,690,
B_noise,,,,0.6,1.0,,,,,,3,3,0.2,4,,,,,,,,0.9991,50,,,,,wbit,wbit,1,396.00,1.67,11,1,49,691,
B_noise,,,,0.6,1.0,,,,,,3,3,0.2,4,,,,,,,,0.9992,50,,,,,wbit,wbit,1,396.00,1.67,11,1,50,692,
B_noise,,,,0.6,1.0,,,,,,3,3,0.2,4,,,,,,,,0.9991,50,,,,,wbit,wbit,1,396.00,1.67,11,1,51,693,
B_noise,,,,0.6,1.0,,,,,,3,3,0.2,4,,,,,,,,0.9992,50,,,,,wbit,wbit,1,396.00,1.67,11,1,52,694,
B_noise,,,,0.6,1.0,,,,,,3,3,0.2,4,,,,,,,,0.9991,50,,,,,wbit,wbit,1,396.00,1.67,11,1,53,695,
B_noise,,,,0.6,1.0,,,,,,3,3,0.2,4,,,,,,,,0.9994,50,,,,,wbit,wbit,1,396.00,1.67,11,1,54,696,
B_noise,,,,0.6,1.0,,,,,,3,3,0.2,4,,,,,,,,0.9991,50,,,,,wbit,wbit,1,396.00,1.67,11,1,55,697,
B_noise,,,,0.6,1.0,,,,,,3,3,0.2,4,,,,,,,,0.9991,50,,,,,wbit,wbit,1,396.00,1.67,11,1,56,698,
B_noise,,,,0.6,1.0,,,,,,3,3,0.2,4,,,,,,,,0.9991,50,,,,,wbit,wbit,1,396.00,1.67,11,1,57,699,
B_noise,,,,0.6,1.0,,,,,,3,3,0.2,4,,,,,,,,0.9992,50,,,,,wbit,wbit,1,396.00,1.67,11,1,58,700,
B_noise,,,,0.6,1.0,,,,,,3,3,0.2,4,,,,,,,,0.9994,50,,,,,wbit,wbit,1,396.00,1.67,11,1,59,701,
B_noise,,,,0.6,1.0,,,,,,3,3,0.2,4,,,,,,,,0.9991,50,,,,,wbit,wbit,1,396.00,1.67,11,1,60,702,
B_noise,,,,0.6,1.0,,,,,,3,3,0.2,4,,,,,,,,0.9991,50,,,,,wbit,wbit,1,396.00,1.67,11,1,61,703,
B_noise,,,,0.6,1.0,,,,,,3,3,0.2,4,,,,,,,,0.9993,50,,,,,wbit,wbit,1,396.00,1.67,11,1,62,704,
B_noise,,,,0.6,1.0,,,,,,3,3,0.2,4,,,,,,,,0.9991,50,,,,,wbit,wbit,1,396.00,1.67,11,1,63,705,
B_noise,,,,0.6,1.0,,,,,,3,3,0.2,4,,,,,,,,0.9991,50,,,,,wbit,wbit,1,396.00,1.67,11,1,64,706,
B_noise,,,,0.6,1.0,,,,,,3,3,0.2,4,,,,,,,,0.9991,50,,,,,wbit,wbit,1,396.00,1.67,11,1,65,707,
B_noise,,,,0.6,1.0,,,,,,3,3,0.2,4,,,,,,,,0.9991,50,,,,,wbit,wbit,1,396.00,1.67,11,1,66,708,
B_noise,,,,0.6,1.0,,,,,,3,3,0.2,4,,,,,,,,0.9991,50,,,,,wbit,wbit,1,396.00,1.67,11,1,67,709,
B_noise,,,,0.6,1.0,,,,,,3,3,0.2,4,,,,,,,,0.9992,50,,,,,wbit,wbit,1,396.00,1.67,11,1,68,710,
B_noise,,,,0.6,1.0,,,,,,3,3,0.2,4,,,,,,,,0.9993,50,,,,,wbit,wbit,1,396.00,1.67,11,1,69,711,
B_noise,,,,0.6,1.0,,,,,,3,3,0.2,4,,,,,,,,0.9991,50,,,,,wbit,wbit,1,396.00,1.67,11,1,70,712,
B_noise,,,,0.6,1.0,,,,,,3,3,0.2,4,,,,,,,,0.9991,50,,,,,wbit,wbit,1,396.00,1.67,11,1,71,713,
B_noise,,,,0.6,1.0,,,,,,3,3,0.2,4,,,,,,,,0.9991,50,,,,,wbit,wbit,1,396.00,1.67,11,1,72,714,
B_noise,,,,0.6,1.0,,,,,,3,3,0.2,4,,,,,,,,0.9991,50,,,,,wbit,wbit,1,396.00,1.67,11,1,73,715,
B_noise,,,,0.6,1.0,,,,,,3,3,0.2,4,,,,,,,,0.9992,50,,,,,wbit,wbit,1,360.00,1.67,10,1,74,716,
B_noise,,,,0.6,1.0,,,,,,3,3,0.2,4,,,,,,,,0.9991,50,,,,,wbit,wbit,1,396.00,1.67,11,1,75,717,
B_noise,,,,0.6,1.0,,,,,,3,3,0.2,4,,,,,,,,0.9991,50,,,,,wbit,wbit,1,396.00,1.67,11,1,76,718,
B_noise,,,,0.6,1.0,,,,,,3,3,0.2,4,,,,,,,,0.9991,50,,,,,wbit,wbit,1,396.00,1.67,11,1,77,719,
B_noise,,,,0.6,1.0,,,,,,3,3,0.2,4,,,,,,,,0.9991,50,,,,,wbit,wbit,1,396.00,1.67,11,1,78,720,
B_noise,,,,0.6,1.0,,,,,,3,3,0.2,4,,,,,,,,0.9992,50,,,,,wbit,wbit,1,360.00,1.67,10,1,79,721,
B_noise,,,,0.6,1.0,,,,,,3,3,0.2,4,,,,,,,,0.9991,50,,,,,wbit,wbit,1,396.00,1.67,11,1,80,722,
B_noise,,,,0.6,1.0,,,,,,3,3,0.2,4,,,,,,,,0.9994,50,,,,,wbit,wbit,1,396.00,1.67,11,1,81,723,
B_noise,,,,0.6,1.0,,,,,,3,3,0.2,4,,,,,,,,0.9991,50,,,,,wbit,wbit,1,396.00,1.67,11,1,82,724,
B_noise,,,,0.6,1.0,,,,,,3,3,0.2,4,,,,,,,,0.9991,50,,,,,wbit,wbit,1,396.00,1.67,11,1,83,725,
B_noise,,,,0.6,1.0,,,,,,3,3,0.2,4,,,,,,,,0.9991,50,,,,,wbit,wbit,1,396.00,1.67,11,1,84,726,
B_noise,,,,0.6,1.0,,,,,,3,3,0.2,4,,,,,,,,0.9991,50,,,,,wbit,wbit,1,396.00,1.67,11,1,85,727,
B_noise,,,,0.6,1.0,,,,,,3,3,0.2,4,,,,,,,,0.9991,50,,,,,wbit,wbit,1,396.00,1.67,11,1,86,728,
B_noise,,,,0.6,1.0,,,,,,3,3,0.2,4,,,,,,,,0.9991,50,,,,,wbit,wbit,1,396.00,1.67,11,1,87,729,
B_noise,,,,0.6,1.0,,,,,,3,3,0.2,4,,,,,,,,0.9992,50,,,,,wbit,wbit,1,396.00,1.67,11,1,88,730,
B_noise,,,,0.6,1.0,,,,,,3,3,0.2,4,,,,,,,,0.9991,50,,,,,wbit,wbit,1,396.00,1.67,11,1,89,731,
B_noise,,,,0.6,1.0,,,,,,3,3,0.2,4,,,,,,,,0.9994,50,,,,,wbit,wbit,1,396.00,1.67,11,1,90,732,
B_noise,,,,0.6,1.0,,,,,,3,3,0.2,4,,,,,,,,0.9991,50,,,,,wbit,wbit,1,396.00,1.67,11,1,91,733,
B_noise,,,,0.6,1.0,,,,,,3,3,0.2,4,,,,,,,,0.9991,50,,,,,wbit,wbit,1,396.00,1.67,11,1,92,734,
B_noise,,,,0.6,1.0,,,,,,3,3,0.2,4,,,,,,,,0.9991,50,,,,,wbit,wbit,1,396.00,1.67,11,1,93,735,
B_noise,,,,0.6,1.0,,,,,,3,3,0.2,4,,,,,,,,0.9992,50,,,,,wbit,wbit,1,396.00,1.67,11,1,94,736,
B_noise,,,,0.6,1.0,,,,,,3,3,0.2,4,,,,,,,,0.9994,50,,,,,wbit,wbit,1,396.00,1.67,11,1,95,737,
B_noise,,,,0.6,1.0,,,,,,3,3,0.2,4,,,,,,,,0.9991,50,,,,,wbit,wbit,1,396.00,1.67,11,1,96,738,
B_noise,,,,0.6,1.0,,,,,,3,3,0.2,4,,,,,,,,0.9991,50,,,,,wbit,wbit,1,396.00,1.67,11,1,97,739,
B_noise,,,,0.6,1.0,,,,,,3,3,0.2,4,,,,,,,,0.9991,50,,,,,wbit,wbit,1,396.00,1.67,11,1,98,740,
B_noise,,,,0.6,1.0,,,,,,3,3,0.2,4,,,,,,,,0.9991,50,,,,,wbit,wbit,1,396.00,1.67,11,1,99,741,
B_noise,,,,0.7,1.0,,,,,,3,3,0.2,4,,,,,,,,0.9991,50,,,,,wbit,wbit,1,360.00,1.43,10,1,0,742,
B_noise,,,,0.7,1.0,,,,,,3,3,0.2,4,,,,,,,,0.9991,50,,,,,wbit,wbit,1,396.00,1.43,11,1,1,743,
B_noise,,,,0.7,1.0,,,,,,3,3,0.2,4,,,,,,,,0.9991,50,,,,,wbit,wbit,1,396.00,1.43,11,1,2,744,
B_noise,,,,0.7,1.0,,,,,,3,3,0.2,4,,,,,,,,0.9992,50,,,,,wbit,wbit,1,396.00,1.43,11,1,3,745,
B_noise,,,,0.7,1.0,,,,,,3,3,0.2,4,,,,,,,,0.9991,50,,,,,wbit,wbit,1,396.00,1.43,11,1,4,746,
B_noise,,,,0.7,1.0,,,,,,3,3,0.2,4,,,,,,,,0.9991,50,,,,,wbit,wbit,1,360.00,1.43,10,1,5,747,
B_noise,,,,0.7,1.0,,,,,,3,3,0.2,4,,,,,,,,0.9992,50,,,,,wbit,wbit,1,396.00,1.43,11,1,6,748,
B_noise,,,,0.7,1.0,,,,,,3,3,0.2,4,,,,,,,,0.9991,50,,,,,wbit,wbit,1,396.00,1.43,11,1,7,749,
B_noise,,,,0.7,1.0,,,,,,3,3,0.2,4,,,,,,,,0.9991,50,,,,,wbit,wbit,1,396.00,1.43,11,1,8,750,
B_noise,,,,0.7,1.0,,,,,,3,3,0.2,4,,,,,,,,0.9991,50,,,,,wbit,wbit,1,396.00,1.43,11,1,9,751,
B_noise,,,,0.7,1.0,,,,,,3,3,0.2,4,,,,,,,,0.9991,50,,,,,wbit,wbit,1,360.00,1.43,10,1,10,752,
B_noise,,,,0.7,1.0,,,,,,3,3,0.2,4,,,,,,,,0.9992,50,,,,,wbit,wbit,1,360.00,1.43,10,1,11,753,
B_noise,,,,0.7,1.0,,,,,,3,3,0.2,4,,,,,,,,0.9991,50,,,,,wbit,wbit,1,396.00,1.43,11,1,12,754,
B_noise,,,,0.7,1.0,,,,,,3,3,0.2,4,,,,,,,,0.9991,50,,,,,wbit,wbit,1,396.00,1.43,11,1,13,755,
B_noise,,,,0.7,1.0,,,,,,3,3,0.2,4,,,,,,,,0.9991,50,,,,,wbit,wbit,1,396.00,1.43,11,1,14,756,
B_noise,,,,0.7,1.0,,,,,,3,3,0.2,4,,,,,,,,0.9991,50,,,,,wbit,wbit,1,396.00,1.43,11,1,15,757,
B_noise,,,,0.7,1.0,,,,,,3,3,0.2,4,,,,,,,,0.9990,50,,,,,wbit,wbit,1,396.00,1.43,11,1,16,758,
B_noise,,,,0.7,1.0,,,,,,3,3,0.2,4,,,,,,,,0.9992,50,,,,,wbit,wbit,1,396.00,1.43,11,1,17,759,
B_noise,,,,0.7,1.0,,,,,,3,3,0.2,4,,,,,,,,0.9991,50,,,,,wbit,wbit,1,396.00,1.43,11,1,18,760,
B_noise,,,,0.7,1.0,,,,,,3,3,0.2,4,,,,,,,,0.9991,50,,,,,wbit,wbit,1,396.00,1.43,11,1,19,761,
B_noise,,,,0.7,1.0,,,,,,3,3,0.2,4,,,,,,,,0.9993,50,,,,,wbit,wbit,1,432.00,1.43,12,1,20,762,
B_noise,,,,0.7,1.0,,,,,,3,3,0.2,4,,,,,,,,0.9995,50,,,,,wbit,wbit,1,396.00,1.43,11,1,21,763,
B_noise,,,,0.7,1.0,,,,,,3,3,0.2,4,,,,,,,,0.9991,50,,,,,wbit,wbit,1,396.00,1.43,11,1,22,764,
B_noise,,,,0.7,1.0,,,,,,3,3,0.2,4,,,,,,,,0.9991,50,,,,,wbit,wbit,1,396.00,1.43,11,1,23,765,
B_noise,,,,0.7,1.0,,,,,,3,3,0.2,4,,,,,,,,0.9992,50,,,,,wbit,wbit,1,396.00,1.43,11,1,24,766,
B_noise,,,,0.7,1.0,,,,,,3,3,0.2,4,,,,,,,,0.9991,50,,,,,wbit,wbit,1,396.00,1.43,11,1,25,767,
B_noise,,,,0.7,1.0,,,,,,3,3,0.2,4,,,,,,,,0.9991,50,,,,,wbit,wbit,1,396.00,1.43,11,1,26,768,
B_noise,,,,0.7,1.0,,,,,,3,3,0.2,4,,,,,,,,0.9991,50,,,,,wbit,wbit,1,396.00,1.43,11,1,27,769,
B_noise,,,,0.7,1.0,,,,,,3,3,0.2,4,,,,,,,,0.9994,50,,,,,wbit,wbit,1,432.00,1.43,12,1,28,770,
B_noise,,,,0.7,1.0,,,,,,3,3,0.2,4,,,,,,,,0.9991,50,,,,,wbit,wbit,1,396.00,1.43,11,1,29,771,
B_noise,,,,0.7,1.0,,,,,,3,3,0.2,4,,,,,,,,0.9991,50,,,,,wbit,wbit,1,396.00,1.43,11,1,30,772,
B_noise,,,,0.7,1.0,,,,,,3,3,0.2,4,,,,,,,,0.9991,50,,,,,wbit,wbit,1,396.00,1.43,11,1,31,773,
B_noise,,,,0.7,1.0,,,,,,3,3,0.2,4,,,,,,,,0.9991,50,,,,,wbit,wbit,1,396.00,1.43,11,1,32,774,
B_noise,,,,0.7,1.0,,,,,,3,3,0.2,4,,,,,,,,0.9993,50,,,,,wbit,wbit,1,396.00,1.43,11,1,33,775,
B_noise,,,,0.7,1.0,,,,,,3,3,0.2,4,,,,,,,,0.9992,50,,,,,wbit,wbit,1,396.00,1.43,11,1,34,776,
B_noise,,,,0.7,1.0,,,,,,3,3,0.2,4,,,,,,,,0.9991,50,,,,,wbit,wbit,1,396.00,1.43,11,1,35,777,
B_noise,,,,0.7,1.0,,,,,,3,3,0.2,4,,,,,,,,0.9991,50,,,,,wbit,wbit,1,396.00,1.43,11,1,36,778,
B_noise,,,,0.7,1.0,,,,,,3,3,0.2,4,,,,,,,,0.9991,50,,,,,wbit,wbit,1,396.00,1.43,11,1,37,779,
B_noise,,,,0.7,1.0,,,,,,3,3,0.2,4,,,,,,,,0.9991,50,,,,,wbit,wbit,1,396.00,1.43,11,1,38,780,
B_noise,,,,0.7,1.0,,,,,,3,3,0.2,4,,,,,,,,0.9991,50,,,,,wbit,wbit,1,360.00,1.43,10,1,39,781,
B_noise,,,,0.7,1.0,,,,,,3,3,0.2,4,,,,,,,,0.9992,50,,,,,wbit,wbit,1,396.00,1.43,11,1,40,782,
B_noise,,,,0.7,1.0,,,,,,3,3,0.2,4,,,,,,,,0.9990,50,,,,,wbit,wbit,1,360.00,1.43,10,1,41,783,
B_noise,,,,0.7,1.0,,,,,,3,3,0.2,4,,,,,,,,0.9991,50,,,,,wbit,wbit,1,396.00,1.43,11,1,42,784,
B_noise,,,,0.7,1.0,,,,,,3,3,0.2,4,,,,,,,,0.9991,50,,,,,wbit,wbit,1,396.00,1.43,11,1,43,785,
B_noise,,,,0.7,1.0,,,,,,3,3,0.2,4,,,,,,,,0.9990,50,,,,,wbit,wbit,1,396.00,1.43,11,1,44,786,
B_noise,,,,0.7,1.0,,,,,,3,3,0.2,4,,,,,,,,0.9991,50,,,,,wbit,wbit,1,396.00,1.43,11,1,45,787,
B_noise,,,,0.7,1.0,,,,,,3,3,0.2,4,,,,,,,,0.9991,50,,,,,wbit,wbit,1,396.00,1.43,11,1,46,788,
B_noise,,,,0.7,1.0,,,,,,3,3,0.2,4,,,,,,,,0.9991,50,,,,,wbit,wbit,1,396.00,1.43,11,1,47,789,
B_noise,,,,0.7,1.0,,,,,,3,3,0.2,4,,,,,,,,0.9991,50,,,,,wbit,wbit,1,432.00,1.43,12,1,48,790,
B_noise,,,,0.7,1.0,,,,,,3,3,0.2,4,,,,,,,,0.9990,50,,,,,wbit,wbit,1,360.00,1.43,10,1,49,791,
B_noise,,,,0.7,1.0,,,,,,3,3,0.2,4,,,,,,,,0.9991,50,,,,,wbit,wbit,1,396.00,1.43,11,1,50,792,
B_noise,,,,0.7,1.0,,,,,,3,3,0.2,4,,,,,,,,0.9991,50,,,,,wbit,wbit,1,396.00,1.43,11,1,51,793,
B_noise,,,,0.7,1.0,,,,,,3,3,0.2,4,,,,,,,,0.9991,50,,,,,wbit,wbit,1,396.00,1.43,11,1,52,794,
B_noise,,,,0.7,1.0,,,,,,3,3,0.2,4,,,,,,,,0.9991,50,,,,,wbit,wbit,1,432.00,1.43,12,1,53,795,
B_noise,,,,0.7,1.0,,,,,,3,3,0.2,4,,,,,,,,0.9991,50,,,,,wbit,wbit,1,360.00,1.43,10,1,54,796,
B_noise,,,,0.7,1.0,,,,,,3,3,0.2,4,,,,,,,,0.9991,50,,,,,wbit,wbit,1,396.00,1.43,11,1,55,797,
B_noise,,,,0.7,1.0,,,,,,3,3,0.2,4,,,,,,,,0.9991,50,,,,,wbit,wbit,1,396.00,1.43,11,1,56,798,
B_noise,,,,0.7,1.0,,,,,,3,3,0.2,4,,,,,,,,0.9991,50,,,,,wbit,wbit,1,396.00,1.43,11,1,57,799,
B_noise,,,,0.7,1.0,,,,,,3,3,0.2,4,,,,,,,,0.9991,50,,,,,wbit,wbit,1,396.00,1.43,11,1,58,800,
B_noise,,,,0.7,1.0,,,,,,3,3,0.2,4,,,,,,,,0.9992,50,,,,,wbit,wbit,1,360.00,1.43,10,1,59,801,
B_noise,,,,0.7,1.0,,,,,,3,3,0.2,4,,,,,,,,0.9990,50,,,,,wbit,wbit,1,396.00,1.43,11,1,60,802,
B_noise,,,,0.7,1.0,,,,,,3,3,0.2,4,,,,,,,,0.9991,50,,,,,wbit,wbit,1,360.00,1.43,10,1,61,803,
B_noise,,,,0.7,1.0,,,,,,3,3,0.2,4,,,,,,,,0.9994,50,,,,,wbit,wbit,1,396.00,1.43,11,1,62,804,
B_noise,,,,0.7,1.0,,,,,,3,3,0.2,4,,,,,,,,0.9991,50,,,,,wbit,wbit,1,396.00,1.43,11,1,63,805,
B_noise,,,,0.7,1.0,,,,,,3,3,0.2,4,,,,,,,,0.9991,50,,,,,wbit,wbit,1,396.00,1.43,11,1,64,806,
B_noise,,,,0.7,1.0,,,,,,3,3,0.2,4,,,,,,,,0.9991,50,,,,,wbit,wbit,1,396.00,1.43,11,1,65,807,
B_noise,,,,0.7,1.0,,,,,,3,3,0.2,4,,,,,,,,0.9991,50,,,,,wbit,wbit,1,396.00,1.43,11,1,66,808,
B_noise,,,,0.7,1.0,,,,,,3,3,0.2,4,,,,,,,,0.9992,50,,,,,wbit,wbit,1,396.00,1.43,11,1,67,809,
B_noise,,,,0.7,1.0,,,,,,3,3,0.2,4,,,,,,,,0.9991,50,,,,,wbit,wbit,1,360.00,1.43,10,1,68,810,
B_noise,,,,0.7,1.0,,,,,,3,3,0.2,4,,,,,,,,0.9991,50,,,,,wbit,wbit,1,396.00,1.43,11,1,69,811,
B_noise,,,,0.7,1.0,,,,,,3,3,0.2,4,,,,,,,,0.9991,50,,,,,wbit,wbit,1,396.00,1.43,11,1,70,812,
B_noise,,,,0.7,1.0,,,,,,3,3,0.2,4,,,,,,,,0.9991,50,,,,,wbit,wbit,1,396.00,1.43,11,1,71,813,
B_noise,,,,0.7,1.0,,,,,,3,3,0.2,4,,,,,,,,0.9991,50,,,,,wbit,wbit,1,396.00,1.43,11,1,72,814,
B_noise,,,,0.7,1.0,,,,,,3,3,0.2,4,,,,,,,,0.9991,50,,,,,wbit,wbit,1,396.00,1.43,11,1,73,815,
B_noise,,,,0.7,1.0,,,,,,3,3,0.2,4,,,,,,,,0.9993,50,,,,,wbit,wbit,1,396.00,1.43,11,1,74,816,
B_noise,,,,0.7,1.0,,,,,,3,3,0.2,4,,,,,,,,0.9993,50,,,,,wbit,wbit,1,396.00,1.43,11,1,75,817,
B_noise,,,,0.7,1.0,,,,,,3,3,0.2,4,,,,,,,,0.9995,50,,,,,wbit,wbit,1,432.00,1.43,12,1,76,818,
B_noise,,,,0.7,1.0,,,,,,3,3,0.2,4,,,,,,,,0.9991,50,,,,,wbit,wbit,1,396.00,1.43,11,1,77,819,
B_noise,,,,0.7,1.0,,,,,,3,3,0.2,4,,,,,,,,0.9992,50,,,,,wbit,wbit,1,396.00,1.43,11,1,78,820,
B_noise,,,,0.7,1.0,,,,,,3,3,0.2,4,,,,,,,,0.9991,50,,,,,wbit,wbit,1,396.00,1.43,11,1,79,821,
B_noise,,,,0.7,1.0,,,,,,3,3,0.2,4,,,,,,,,0.9991,50,,,,,wbit,wbit,1,396.00,1.43,11,1,80,822,
B_noise,,,,0.7,1.0,,,,,,3,3,0.2,4,,,,,,,,0.9992,50,,,,,wbit,wbit,1,396.00,1.43,11,1,81,823,
B_noise,,,,0.7,1.0,,,,,,3,3,0.2,4,,,,,,,,0.9991,50,,,,,wbit,wbit,1,396.00,1.43,11,1,82,824,
B_noise,,,,0.7,1.0,,,,,,3,3,0.2,4,,,,,,,,0.9991,50,,,,,wbit,wbit,1,396.00,1.43,11,1,83,825,
B_noise,,,,0.7,1.0,,,,,,3,3,0.2,4,,,,,,,,0.9994,50,,,,,wbit,wbit,1,432.00,1.43,12,1,84,826,
B_noise,,,,0.7,1.0,,,,,,3,3,0.2,4,,,,,,,,0.9994,50,,,,,wbit,wbit,1,396.00,1.43,11,1,85,827,
B_noise,,,,0.7,1.0,,,,,,3,3,0.2,4,,,,,,,,0.9992,50,,,,,wbit,wbit,1,396.00,1.43,11,1,86,828,
B_noise,,,,0.7,1.0,,,,,,3,3,0.2,4,,,,,,,,0.9991,50,,,,,wbit,wbit,1,396.00,1.43,11,1,87,829,
B_noise,,,,0.7,1.0,,,,,,3,3,0.2,4,,,,,,,,0.9991,50,,,,,wbit,wbit,1,396.00,1.43,11,1,88,830,
B_noise,,,,0.7,1.0,,,,,,3,3,0.2,4,,,,,,,,0.9992,50,,,,,wbit,wbit,1,396.00,1.43,11,1,89,831,
B_noise,,,,0.7,1.0,,,,,,3,3,0.2,4,,,,,,,,0.9993,50,,,,,wbit,wbit,1,396.00,1.43,11,1,90,832,
B_noise,,,,0.7,1.0,,,,,,3,3,0.2,4,,,,,,,,0.9992,50,,,,,wbit,wbit,1,360.00,1.43,10,1,91,833,
B_noise,,,,0.7,1.0,,,,,,3,3,0.2,4,,,,,,,,0.9992,50,,,,,wbit,wbit,1,432.00,1.43,12,1,92,834,
B_noise,,,,0.7,1.0,,,,,,3,3,0.2,4,,,,,,,,0.9994,50,,,,,wbit,wbit,1,396.00,1.43,11,1,93,835,
B_noise,,,,0.7,1.0,,,,,,3,3,0.2,4,,,,,,,,0.9994,50,,,,,wbit,wbit,1,396.00,1.43,11,1,94,836,
B_noise,,,,0.7,1.0,,,,,,3,3,0.2,4,,,,,,,,0.9991,50,,,,,wbit,wbit,1,396.00,1.43,11,1,95,837,
B_noise,,,,0.7,1.0,,,,,,3,3,0.2,4,,,,,,,,0.9991,50,,,,,wbit,wbit,1,396.00,1.43,11,1,96,838,
B_noise,,,,0.7,1.0,,,,,,3,3,0.2,4,,,,,,,,0.9995,50,,,,,wbit,wbit,1,432.00,1.43,12,1,97,839,
B_noise,,,,0.7,1.0,,,,,,3,3,0.2,4,,,,,,,,0.9991,50,,,,,wbit,wbit,1,396.00,1.43,11,1,98,840,
B_noise,,,,0.7,1.0,,,,,,3,3,0.2,4,,,,,,,,0.9991,50,,,,,wbit,wbit,1,396.00,1.43,11,1,99,841,
B_noise,,,,0.8,1.0,,,,,,3,3,0.2,4,,,,,,,,0.9991,50,,,,,wbit,wbit,1,396.00,1.25,11,1,0,842,
B_noise,,,,0.8,1.0,,,,,,3,3,0.2,4,,,,,,,,0.9992,50,,,,,wbit,wbit,1,360.00,1.25,10,1,1,843,
B_noise,,,,0.8,1.0,,,,,,3,3,0.2,4,,,,,,,,0.9991,50,,,,,wbit,wbit,1,396.00,1.25,11,1,2,844,
B_noise,,,,0.8,1.0,,,,,,3,3,0.2,4,,,,,,,,0.9991,50,,,,,wbit,wbit,1,396.00,1.25,11,1,3,845,
B_noise,,,,0.8,1.0,,,,,,3,3,0.2,4,,,,,,,,0.9991,50,,,,,wbit,wbit,1,360.00,1.25,10,1,4,846,
B_noise,,,,0.8,1.0,,,,,,3,3,0.2,4,,,,,,,,0.9992,50,,,,,wbit,wbit,1,360.00,1.25,10,1,5,847,
B_noise,,,,0.8,1.0,,,,,,3,3,0.2,4,,,,,,,,0.9991,50,,,,,wbit,wbit,1,396.00,1.25,11,1,6,848,
B_noise,,,,0.8,1.0,,,,,,3,3,0.2,4,,,,,,,,0.9994,50,,,,,wbit,wbit,1,432.00,1.25,12,1,7,849,
B_noise,,,,0.8,1.0,,,,,,3,3,0.2,4,,,,,,,,0.9991,50,,,,,wbit,wbit,1,396.00,1.25,11,1,8,850,
B_noise,,,,0.8,1.0,,,,,,3,3,0.2,4,,,,,,,,0.9991,50,,,,,wbit,wbit,1,396.00,1.25,11,1,9,851,
B_noise,,,,0.8,1.0,,,,,,3,3,0.2,4,,,,,,,,0.9991,50,,,,,wbit,wbit,1,396.00,1.25,11,1,10,852,
B_noise,,,,0.8,1.0,,,,,,3,3,0.2,4,,,,,,,,0.9991,50,,,,,wbit,wbit,1,396.00,1.25,11,1,11,853,
B_noise,,,,0.8,1.0,,,,,,3,3,0.2,4,,,,,,,,0.9991,50,,,,,wbit,wbit,1,396.00,1.25,11,1,12,854,
B_noise,,,,0.8,1.0,,,,,,3,3,0.2,4,,,,,,,,0.9991,50,,,,,wbit,wbit,1,396.00,1.25,11,1,13,855,
B_noise,,,,0.8,1.0,,,,,,3,3,0.2,4,,,,,,,,0.9991,50,,,,,wbit,wbit,1,396.00,1.25,11,1,14,856,
B_noise,,,,0.8,1.0,,,,,,3,3,0.2,4,,,,,,,,0.9992,50,,,,,wbit,wbit,1,396.00,1.25,11,1,15,857,
B_noise,,,,0.8,1.0,,,,,,3,3,0.2,4,,,,,,,,0.9991,50,,,,,wbit,wbit,1,396.00,1.25,11,1,16,858,
B_noise,,,,0.8,1.0,,,,,,3,3,0.2,4,,,,,,,,0.9991,50,,,,,wbit,wbit,1,396.00,1.25,11,1,17,859,
B_noise,,,,0.8,1.0,,,,,,3,3,0.2,4,,,,,,,,0.9991,50,,,,,wbit,wbit,1,396.00,1.25,11,1,18,860,
B_noise,,,,0.8,1.0,,,,,,3,3,0.2,4,,,,,,,,0.9991,50,,,,,wbit,wbit,1,396.00,1.25,11,1,19,861,
B_noise,,,,0.8,1.0,,,,,,3,3,0.2,4,,,,,,,,0.9991,50,,,,,wbit,wbit,1,396.00,1.25,11,1,20,862,
B_noise,,,,0.8,1.0,,,,,,3,3,0.2,4,,,,,,,,0.9993,50,,,,,wbit,wbit,1,396.00,1.25,11,1,21,863,
B_noise,,,,0.8,1.0,,,,,,3,3,0.2,4,,,,,,,,0.9992,50,,,,,wbit,wbit,1,360.00,1.25,10,1,22,864,
B_noise,,,,0.8,1.0,,,,,,3,3,0.2,4,,,,,,,,0.9991,50,,,,,wbit,wbit,1,396.00,1.25,11,1,23,865,
B_noise,,,,0.8,1.0,,,,,,3,3,0.2,4,,,,,,,,0.9991,50,,,,,wbit,wbit,1,396.00,1.25,11,1,24,866,
B_noise,,,,0.8,1.0,,,,,,3,3,0.2,4,,,,,,,,0.9992,50,,,,,wbit,wbit,1,396.00,1.25,11,1,25,867,
B_noise,,,,0.8,1.0,,,,,,3,3,0.2,4,,,,,,,,0.9991,50,,,,,wbit,wbit,1,396.00,1.25,11,1,26,868,
B_noise,,,,0.8,1.0,,,,,,3,3,0.2,4,,,,,,,,0.9991,50,,,,,wbit,wbit,1,396.00,1.25,11,1,27,869,
B_noise,,,,0.8,1.0,,,,,,3,3,0.2,4,,,,,,,,0.9995,50,,,,,wbit,wbit,1,396.00,1.25,11,1,28,870,
B_noise,,,,0.8,1.0,,,,,,3,3,0.2,4,,,,,,,,0.9991,50,,,,,wbit,wbit,1,396.00,1.25,11,1,29,871,
B_noise,,,,0.8,1.0,,,,,,3,3,0.2,4,,,,,,,,0.9991,50,,,,,wbit,wbit,1,396.00,1.25,11,1,30,872,
B_noise,,,,0.8,1.0,,,,,,3,3,0.2,4,,,,,,,,0.9992,50,,,,,wbit,wbit,1,396.00,1.25,11,1,31,873,
B_noise,,,,0.8,1.0,,,,,,3,3,0.2,4,,,,,,,,0.9991,50,,,,,wbit,wbit,1,396.00,1.25,11,1,32,874,
B_noise,,,,0.8,1.0,,,,,,3,3,0.2,4,,,,,,,,0.9990,50,,,,,wbit,wbit,1,360.00,1.25,10,1,33,875,
B_noise,,,,0.8,1.0,,,,,,3,3,0.2,4,,,,,,,,0.9991,50,,,,,wbit,wbit,1,396.00,1.25,11,1,34,876,
B_noise,,,,0.8,1.0,,,,,,3,3,0.2,4,,,,,,,,0.9992,50,,,,,wbit,wbit,1,396.00,1.25,11,1,35,877,
B_noise,,,,0.8,1.0,,,,,,3,3,0.2,4,,,,,,,,0.9991,50,,,,,wbit,wbit,1,396.00,1.25,11,1,36,878,
B_noise,,,,0.8,1.0,,,,,,3,3,0.2,4,,,,,,,,0.9991,50,,,,,wbit,wbit,1,396.00,1.25,11,1,37,879,
B_noise,,,,0.8,1.0,,,,,,3,3,0.2,4,,,,,,,,0.9991,50,,,,,wbit,wbit,1,396.00,1.25,11,1,38,880,
B_noise,,,,0.8,1.0,,,,,,3,3,0.2,4,,,,,,,,0.9991,50,,,,,wbit,wbit,1,396.00,1.25,11,1,39,881,
B_noise,,,,0.8,1.0,,,,,,3,3,0.2,4,,,,,,,,0.9992,50,,,,,wbit,wbit,1,360.00,1.25,10,1,40,882,
B_noise,,,,0.8,1.0,,,,,,3,3,0.2,4,,,,,,,,0.9990,50,,,,,wbit,wbit,1,396.00,1.25,11,1,41,883,
B_noise,,,,0.8,1.0,,,,,,3,3,0.2,4,,,,,,,,0.9991,50,,,,,wbit,wbit,1,396.00,1.25,11,1,42,884,
B_noise,,,,0.8,1.0,,,,,,3,3,0.2,4,,,,,,,,0.9991,50,,,,,wbit,wbit,1,396.00,1.25,11,1,43,885,
B_noise,,,,0.8,1.0,,,,,,3,3,0.2,4,,,,,,,,0.9991,50,,,,,wbit,wbit,1,396.00,1.25,11,1,44,886,
B_noise,,,,0.8,1.0,,,,,,3,3,0.2,4,,,,,,,,0.9992,50,,,,,wbit,wbit,1,360.00,1.25,10,1,45,887,
B_noise,,,,0.8,1.0,,,,,,3,3,0.2,4,,,,,,,,0.9991,50,,,,,wbit,wbit,1,396.00,1.25,11,1,46,888,
B_noise,,,,0.8,1.0,,,,,,3,3,0.2,4,,,,,,,,0.9992,50,,,,,wbit,wbit,1,396.00,1.25,11,1,47,889,
B_noise,,,,0.8,1.0,,,,,,3,3,0.2,4,,,,,,,,0.9991,50,,,,,wbit,wbit,1,396.00,1.25,11,1,48,890,
B_noise,,,,0.8,1.0,,,,,,3,3,0.2,4,,,,,,,,0.9991,50,,,,,wbit,wbit,1,396.00,1.25,11,1,49,891,
B_noise,,,,0.8,1.0,,,,,,3,3,0.2,4,,,,,,,,0.9991,50,,,,,wbit,wbit,1,396.00,1.25,11,1,50,892,
B_noise,,,,0.8,1.0,,,,,,3,3,0.2,4,,,,,,,,0.9991,50,,,,,wbit,wbit,1,396.00,1.25,11,1,51,893,
B_noise,,,,0.8,1.0,,,,,,3,3,0.2,4,,,,,,,,0.9991,50,,,,,wbit,wbit,1,396.00,1.25,11,1,52,894,
B_noise,,,,0.8,1.0,,,,,,3,3,0.2,4,,,,,,,,0.9991,50,,,,,wbit,wbit,1,396.00,1.25,11,1,53,895,
B_noise,,,,0.8,1.0,,,,,,3,3,0.2,4,,,,,,,,0.9990,50,,,,,wbit,wbit,1,396.00,1.25,11,1,54,896,
B_noise,,,,0.8,1.0,,,,,,3,3,0.2,4,,,,,,,,0.9991,50,,,,,wbit,wbit,1,396.00,1.25,11,1,55,897,
B_noise,,,,0.8,1.0,,,,,,3,3,0.2,4,,,,,,,,0.9991,50,,,,,wbit,wbit,1,396.00,1.25,11,1,56,898,
B_noise,,,,0.8,1.0,,,,,,3,3,0.2,4,,,,,,,,0.9991,50,,,,,wbit,wbit,1,396.00,1.25,11,1,57,899,
B_noise,,,,0.8,1.0,,,,,,3,3,0.2,4,,,,,,,,0.9991,50,,,,,wbit,wbit,1,396.00,1.25,11,1,58,900,
B_noise,,,,0.8,1.0,,,,,,3,3,0.2,4,,,,,,,,0.9995,50,,,,,wbit,wbit,1,396.00,1.25,11,1,59,901,
B_noise,,,,0.8,1.0,,,,,,3,3,0.2,4,,,,,,,,0.9991,50,,,,,wbit,wbit,1,396.00,1.25,11,1,60,902,
B_noise,,,,0.8,1.0,,,,,,3,3,0.2,4,,,,,,,,0.9992,50,,,,,wbit,wbit,1,360.00,1.25,10,1,61,903,
B_noise,,,,0.8,1.0,,,,,,3,3,0.2,4,,,,,,,,0.9991,50,,,,,wbit,wbit,1,432.00,1.25,12,1,62,904,
B_noise,,,,0.8,1.0,,,,,,3,3,0.2,4,,,,,,,,0.9991,50,,,,,wbit,wbit,1,396.00,1.25,11,1,63,905,
B_noise,,,,0.8,1.0,,,,,,3,3,0.2,4,,,,,,,,0.9991,50,,,,,wbit,wbit,1,432.00,1.25,12,1,64,906,
B_noise,,,,0.8,1.0,,,,,,3,3,0.2,4,,,,,,,,0.9991,50,,,,,wbit,wbit,1,396.00,1.25,11,1,65,907,
B_noise,,,,0.8,1.0,,,,,,3,3,0.2,4,,,,,,,,0.9992,50,,,,,wbit,wbit,1,396.00,1.25,11,1,66,908,
B_noise,,,,0.8,1.0,,,,,,3,3,0.2,4,,,,,,,,0.9995,50,,,,,wbit,wbit,1,396.00,1.25,11,1,67,909,
B_noise,,,,0.8,1.0,,,,,,3,3,0.2,4,,,,,,,,0.9991,50,,,,,wbit,wbit,1,396.00,1.25,11,1,68,910,
B_noise,,,,0.8,1.0,,,,,,3,3,0.2,4,,,,,,,,0.9991,50,,,,,wbit,wbit,1,396.00,1.25,11,1,69,911,
B_noise,,,,0.8,1.0,,,,,,3,3,0.2,4,,,,,,,,0.9991,50,,,,,wbit,wbit,1,396.00,1.25,11,1,70,912,
B_noise,,,,0.8,1.0,,,,,,3,3,0.2,4,,,,,,,,0.9994,50,,,,,wbit,wbit,1,396.00,1.25,11,1,71,913,
B_noise,,,,0.8,1.0,,,,,,3,3,0.2,4,,,,,,,,0.9991,50,,,,,wbit,wbit,1,360.00,1.25,10,1,72,914,
B_noise,,,,0.8,1.0,,,,,,3,3,0.2,4,,,,,,,,0.9991,50,,,,,wbit,wbit,1,396.00,1.25,11,1,73,915,
B_noise,,,,0.8,1.0,,,,,,3,3,0.2,4,,,,,,,,0.9991,50,,,,,wbit,wbit,1,396.00,1.25,11,1,74,916,
B_noise,,,,0.8,1.0,,,,,,3,3,0.2,4,,,,,,,,0.9993,50,,,,,wbit,wbit,1,432.00,1.25,12,1,75,917,
B_noise,,,,0.8,1.0,,,,,,3,3,0.2,4,,,,,,,,0.9992,50,,,,,wbit,wbit,1,396.00,1.25,11,1,76,918,
B_noise,,,,0.8,1.0,,,,,,3,3,0.2,4,,,,,,,,0.9992,50,,,,,wbit,wbit,1,360.00,1.25,10,1,77,919,
B_noise,,,,0.8,1.0,,,,,,3,3,0.2,4,,,,,,,,0.9992,50,,,,,wbit,wbit,1,396.00,1.25,11,1,78,920,
B_noise,,,,0.8,1.0,,,,,,3,3,0.2,4,,,,,,,,0.9991,50,,,,,wbit,wbit,1,396.00,1.25,11,1,79,921,
B_noise,,,,0.8,1.0,,,,,,3,3,0.2,4,,,,,,,,0.9992,50,,,,,wbit,wbit,1,360.00,1.25,10,1,80,922,
B_noise,,,,0.8,1.0,,,,,,3,3,0.2,4,,,,,,,,0.9992,50,,,,,wbit,wbit,1,360.00,1.25,10,1,81,923,
B_noise,,,,0.8,1.0,,,,,,3,3,0.2,4,,,,,,,,0.9991,50,,,,,wbit,wbit,1,396.00,1.25,11,1,82,924,
B_noise,,,,0.8,1.0,,,,,,3,3,0.2,4,,,,,,,,0.9995,50,,,,,wbit,wbit,1,396.00,1.25,11,1,83,925,
B_noise,,,,0.8,1.0,,,,,,3,3,0.2,4,,,,,,,,0.9991,50,,,,,wbit,wbit,1,396.00,1.25,11,1,84,926,
B_noise,,,,0.8,1.0,,,,,,3,3,0.2,4,,,,,,,,0.9992,50,,,,,wbit,wbit,1,540.00,1.25,15,1,85,927,
B_noise,,,,0.8,1.0,,,,,,3,3,0.2,4,,,,,,,,0.9991,50,,,,,wbit,wbit,1,396.00,1.25,11,1,86,928,
B_noise,,,,0.8,1.0,,,,,,3,3,0.2,4,,,,,,,,0.9992,50,,,,,wbit,wbit,1,396.00,1.25,11,1,87,929,
B_noise,,,,0.8,1.0,,,,,,3,3,0.2,4,,,,,,,,0.9991,50,,,,,wbit,wbit,1,396.00,1.25,11,1,88,930,
B_noise,,,,0.8,1.0,,,,,,3,3,0.2,4,,,,,,,,0.9991,50,,,,,wbit,wbit,1,396.00,1.25,11,1,89,931,
B_noise,,,,0.8,1.0,,,,,,3,3,0.2,4,,,,,,,,0.9993,50,,,,,wbit,wbit,1,396.00,1.25,11,1,90,932,
B_noise,,,,0.8,1.0,,,,,,3,3,0.2,4,,,,,,,,0.9991,50,,,,,wbit,wbit,1,396.00,1.25,11,1,91,933,
B_noise,,,,0.8,1.0,,,,,,3,3,0.2,4,,,,,,,,0.9994,50,,,,,wbit,wbit,1,396.00,1.25,11,1,92,934,
B_noise,,,,0.8,1.0,,,,,,3,3,0.2,4,,,,,,,,0.9991,50,,,,,wbit,wbit,1,396.00,1.25,11,1,93,935,
B_noise,,,,0.8,1.0,,,,,,3,3,0.2,4,,,,,,,,0.9991,50,,,,,wbit,wbit,1,396.00,1.25,11,1,94,936,
B_noise,,,,0.8,1.0,,,,,,3,3,0.2,4,,,,,,,,0.9991,50,,,,,wbit,wbit,1,396.00,1.25,11,1,95,937,
B_noise,,,,0.8,1.0,,,,,,3,3,0.2,4,,,,,,,,0.9994,50,,,,,wbit,wbit,1,396.00,1.25,11,1,96,938,
B_noise,,,,0.8,1.0,,,,,,3,3,0.2,4,,,,,,,,0.9991,50,,,,,wbit,wbit,1,396.00,1.25,11,1,97,939,
B_noise,,,,0.8,1.0,,,,,,3,3,0.2,4,,,,,,,,0.9991,50,,,,,wbit,wbit,1,396.00,1.25,11,1,98,940,
B_noise,,,,0.8,1.0,,,,,,3,3,0.2,4,,,,,,,,0.9990,50,,,,,wbit,wbit,1,396.00,1.25,11,1,99,941,
B_noise,,,,0.9,1.0,,,,,,3,3,0.2,4,,,,,,,,0.9993,50,,,,,wbit,wbit,1,432.00,1.11,12,1,0,942,
B_noise,,,,0.9,1.0,,,,,,3,3,0.2,4,,,,,,,,0.9991,50,,,,,wbit,wbit,1,396.00,1.11,11,1,1,943,
B_noise,,,,0.9,1.0,,,,,,3,3,0.2,4,,,,,,,,0.9991,50,,,,,wbit,wbit,1,360.00,1.11,10,1,2,944,
B_noise,,,,0.9,1.0,,,,,,3,3,0.2,4,,,,,,,,0.9991,50,,,,,wbit,wbit,1,396.00,1.11,11,1,3,945,
B_noise,,,,0.9,1.0,,,,,,3,3,0.2,4,,,,,,,,0.9995,50,,,,,wbit,wbit,1,432.00,1.11,12,1,4,946,
B_noise,,,,0.9,1.0,,,,,,3,3,0.2,4,,,,,,,,0.9991,50,,,,,wbit,wbit,1,396.00,1.11,11,1,5,947,
B_noise,,,,0.9,1.0,,,,,,3,3,0.2,4,,,,,,,,0.9991,50,,,,,wbit,wbit,1,396.00,1.11,11,1,6,948,
B_noise,,,,0.9,1.0,,,,,,3,3,0.2,4,,,,,,,,0.9994,50,,,,,wbit,wbit,1,432.00,1.11,12,1,7,949,
B_noise,,,,0.9,1.0,,,,,,3,3,0.2,4,,,,,,,,0.9994,50,,,,,wbit,wbit,1,432.00,1.11,12,1,8,950,
B_noise,,,,0.9,1.0,,,,,,3,3,0.2,4,,,,,,,,0.9992,50,,,,,wbit,wbit,1,360.00,1.11,10,1,9,951,
B_noise,,,,0.9,1.0,,,,,,3,3,0.2,4,,,,,,,,0.9990,50,,,,,wbit,wbit,1,396.00,1.11,11,1,10,952,
B_noise,,,,0.9,1.0,,,,,,3,3,0.2,4,,,,,,,,0.9994,50,,,,,wbit,wbit,1,396.00,1.11,11,1,11,953,
B_noise,,,,0.9,1.0,,,,,,3,3,0.2,4,,,,,,,,0.9991,50,,,,,wbit,wbit,1,360.00,1.11,10,1,12,954,
B_noise,,,,0.9,1.0,,,,,,3,3,0.2,4,,,,,,,,0.9991,50,,,,,wbit,wbit,1,396.00,1.11,11,1,13,955,
B_noise,,,,0.9,1.0,,,,,,3,3,0.2,4,,,,,,,,0.9993,50,,,,,wbit,wbit,1,468.00,1.11,13,1,14,956,
B_noise,,,,0.9,1.0,,,,,,3,3,0.2,4,,,,,,,,0.9994,50,,,,,wbit,wbit,1,396.00,1.11,11,1,15,957,
B_noise,,,,0.9,1.0,,,,,,3,3,0.2,4,,,,,,,,0.9991,50,,,,,wbit,wbit,1,396.00,1.11,11,1,16,958,
B_noise,,,,0.9,1.0,,,,,,3,3,0.2,4,,,,,,,,0.9991,50,,,,,wbit,wbit,1,396.00,1.11,11,1,17,959,
B_noise,,,,0.9,1.0,,,,,,3,3,0.2,4,,,,,,,,0.9993,50,,,,,wbit,wbit,1,432.00,1.11,12,1,18,960,
B_noise,,,,0.9,1.0,,,,,,3,3,0.2,4,,,,,,,,0.9994,50,,,,,wbit,wbit,1,468.00,1.11,13,1,19,961,
B_noise,,,,0.9,1.0,,,,,,3,3,0.2,4,,,,,,,,0.9991,50,,,,,wbit,wbit,1,396.00,1.11,11,1,20,962,
B_noise,,,,0.9,1.0,,,,,,3,3,0.2,4,,,,,,,,0.9993,50,,,,,wbit,wbit,1,432.00,1.11,12,1,21,963,
B_noise,,,,0.9,1.0,,,,,,3,3,0.2,4,,,,,,,,0.9991,50,,,,,wbit,wbit,1,396.00,1.11,11,1,22,964,
B_noise,,,,0.9,1.0,,,,,,3,3,0.2,4,,,,,,,,0.9991,50,,,,,wbit,wbit,1,396.00,1.11,11,1,23,965,
B_noise,,,,0.9,1.0,,,,,,3,3,0.2,4,,,,,,,,0.9990,50,,,,,wbit,wbit,1,396.00,1.11,11,1,24,966,
B_noise,,,,0.9,1.0,,,,,,3,3,0.2,4,,,,,,,,0.9992,50,,,,,wbit,wbit,1,360.00,1.11,10,1,25,967,
B_noise,,,,0.9,1.0,,,,,,3,3,0.2,4,,,,,,,,0.9992,50,,,,,wbit,wbit,1,360.00,1.11,10,1,26,968,
B_noise,,,,0.9,1.0,,,,,,3,3,0.2,4,,,,,,,,0.9991,50,,,,,wbit,wbit,1,396.00,1.11,11,1,27,969,
B_noise,,,,0.9,1.0,,,,,,3,3,0.2,4,,,,,,,,0.9991,50,,,,,wbit,wbit,1,360.00,1.11,10,1,28,970,
B_noise,,,,0.9,1.0,,,,,,3,3,0.2,4,,,,,,,,0.9992,50,,,,,wbit,wbit,1,432.00,1.11,12,1,29,971,
B_noise,,,,0.9,1.0,,,,,,3,3,0.2,4,,,,,,,,0.9991,50,,,,,wbit,wbit,1,396.00,1.11,11,1,30,972,
B_noise,,,,0.9,1.0,,,,,,3,3,0.2,4,,,,,,,,0.9991,50,,,,,wbit,wbit,1,396.00,1.11,11,1,31,973,
B_noise,,,,0.9,1.0,,,,,,3,3,0.2,4,,,,,,,,0.9991,50,,,,,wbit,wbit,1,396.00,1.11,11,1,32,974,
B_noise,,,,0.9,1.0,,,,,,3,3,0.2,4,,,,,,,,0.9995,50,,,,,wbit,wbit,1,432.00,1.11,12,1,33,975,
B_noise,,,,0.9,1.0,,,,,,3,3,0.2,4,,,,,,,,0.9991,50,,,,,wbit,wbit,1,396.00,1.11,11,1,34,976,
B_noise,,,,0.9,1.0,,,,,,3,3,0.2,4,,,,,,,,0.9994,50,,,,,wbit,wbit,1,396.00,1.11,11,1,35,977,
B_noise,,,,0.9,1.0,,,,,,3,3,0.2,4,,,,,,,,0.9991,50,,,,,wbit,wbit,1,396.00,1.11,11,1,36,978,
B_noise,,,,0.9,1.0,,,,,,3,3,0.2,4,,,,,,,,0.9992,50,,,,,wbit,wbit,1,396.00,1.11,11,1,37,979,
B_noise,,,,0.9,1.0,,,,,,3,3,0.2,4,,,,,,,,0.9995,50,,,,,wbit,wbit,1,396.00,1.11,11,1,38,980,
B_noise,,,,0.9,1.0,,,,,,3,3,0.2,4,,,,,,,,0.9991,50,,,,,wbit,wbit,1,396.00,1.11,11,1,39,981,
B_noise,,,,0.9,1.0,,,,,,3,3,0.2,4,,,,,,,,0.9991,50,,,,,wbit,wbit,1,396.00,1.11,11,1,40,982,
B_noise,,,,0.9,1.0,,,,,,3,3,0.2,4,,,,,,,,0.9995,50,,,,,wbit,wbit,1,396.00,1.11,11,1,41,983,
B_noise,,,,0.9,1.0,,,,,,3,3,0.2,4,,,,,,,,0.9991,50,,,,,wbit,wbit,1,396.00,1.11,11,1,42,984,
B_noise,,,,0.9,1.0,,,,,,3,3,0.2,4,,,,,,,,0.9991,50,,,,,wbit,wbit,1,396.00,1.11,11,1,43,985,
B_noise,,,,0.9,1.0,,,,,,3,3,0.2,4,,,,,,,,0.9992,50,,,,,wbit,wbit,1,360.00,1.11,10,1,44,986,
B_noise,,,,0.9,1.0,,,,,,3,3,0.2,4,,,,,,,,0.9991,50,,,,,wbit,wbit,1,396.00,1.11,11,1,45,987,
B_noise,,,,0.9,1.0,,,,,,3,3,0.2,4,,,,,,,,0.9991,50,,,,,wbit,wbit,1,396.00,1.11,11,1,46,988,
B_noise,,,,0.9,1.0,,,,,,3,3,0.2,4,,,,,,,,0.9993,50,,,,,wbit,wbit,1,432.00,1.11,12,1,47,989,
B_noise,,,,0.9,1.0,,,,,,3,3,0.2,4,,,,,,,,0.9991,50,,,,,wbit,wbit,1,396.00,1.11,11,1,48,990,
B_noise,,,,0.9,1.0,,,,,,3,3,0.2,4,,,,,,,,0.9994,50,,,,,wbit,wbit,1,396.00,1.11,11,1,49,991,
B_noise,,,,0.9,1.0,,,,,,3,3,0.2,4,,,,,,,,0.9991,50,,,,,wbit,wbit,1,396.00,1.11,11,1,50,992,
B_noise,,,,0.9,1.0,,,,,,3,3,0.2,4,,,,,,,,0.9991,50,,,,,wbit,wbit,1,396.00,1.11,11,1,51,993,
B_noise,,,,0.9,1.0,,,,,,3,3,0.2,4,,,,,,,,0.9991,50,,,,,wbit,wbit,1,396.00,1.11,11,1,52,994,
B_noise,,,,0.9,1.0,,,,,,3,3,0.2,4,,,,,,,,0.9993,50,,,,,wbit,wbit,1,396.00,1.11,11,1,53,995,
B_noise,,,,0.9,1.0,,,,,,3,3,0.2,4,,,,,,,,0.9992,50,,,,,wbit,wbit,1,360.00,1.11,10,1,54,996,
B_noise,,,,0.9,1.0,,,,,,3,3,0.2,4,,,,,,,,0.9991,50,,,,,wbit,wbit,1,396.00,1.11,11,1,55,997,
B_noise,,,,0.9,1.0,,,,,,3,3,0.2,4,,,,,,,,0.9992,50,,,,,wbit,wbit,1,396.00,1.11,11,1,56,998,
B_noise,,,,0.9,1.0,,,,,,3,3,0.2,4,,,,,,,,0.9990,50,,,,,wbit,wbit,1,396.00,1.11,11,1,57,999,
B_noise,,,,0.9,1.0,,,,,,3,3,0.2,4,,,,,,,,0.9993,50,,,,,wbit,wbit,1,396.00,1.11,11,1,58,1000,
B_noise,,,,0.9,1.0,,,,,,3,3,0.2,4,,,,,,,,0.9993,50,,,,,wbit,wbit,1,432.00,1.11,12,1,59,1001,
B_noise,,,,0.9,1.0,,,,,,3,3,0.2,4,,,,,,,,0.9994,50,,,,,wbit,wbit,1,396.00,1.11,11,1,60,1002,
B_noise,,,,0.9,1.0,,,,,,3,3,0.2,4,,,,,,,,0.9991,50,,,,,wbit,wbit,1,396.00,1.11,11,1,61,1003,
B_noise,,,,0.9,1.0,,,,,,3,3,0.2,4,,,,,,,,0.9994,50,,,,,wbit,wbit,1,432.00,1.11,12,1,62,1004,
B_noise,,,,0.9,1.0,,,,,,3,3,0.2,4,,,,,,,,0.9991,50,,,,,wbit,wbit,1,396.00,1.11,11,1,63,1005,
B_noise,,,,0.9,1.0,,,,,,3,3,0.2,4,,,,,,,,0.9991,50,,,,,wbit,wbit,1,396.00,1.11,11,1,64,1006,
B_noise,,,,0.9,1.0,,,,,,3,3,0.2,4,,,,,,,,0.9991,50,,,,,wbit,wbit,1,396.00,1.11,11,1,65,1007,
B_noise,,,,0.9,1.0,,,,,,3,3,0.2,4,,,,,,,,0.9995,50,,,,,wbit,wbit,1,432.00,1.11,12,1,66,1008,
B_noise,,,,0.9,1.0,,,,,,3,3,0.2,4,,,,,,,,0.9991,50,,,,,wbit,wbit,1,396.00,1.11,11,1,67,1009,
B_noise,,,,0.9,1.0,,,,,,3,3,0.2,4,,,,,,,,0.9991,50,,,,,wbit,wbit,1,360.00,1.11,10,1,68,1010,
B_noise,,,,0.9,1.0,,,,,,3,3,0.2,4,,,,,,,,0.9991,50,,,,,wbit,wbit,1,396.00,1.11,11,1,69,1011,
B_noise,,,,0.9,1.0,,,,,,3,3,0.2,4,,,,,,,,0.9991,50,,,,,wbit,wbit,1,360.00,1.11,10,1,70,1012,
B_noise,,,,0.9,1.0,,,,,,3,3,0.2,4,,,,,,,,0.9994,50,,,,,wbit,wbit,1,504.00,1.11,14,1,71,1013,
B_noise,,,,0.9,1.0,,,,,,3,3,0.2,4,,,,,,,,0.9992,50,,,,,wbit,wbit,1,396.00,1.11,11,1,72,1014,
B_noise,,,,0.9,1.0,,,,,,3,3,0.2,4,,,,,,,,0.9990,50,,,,,wbit,wbit,1,396.00,1.11,11,1,73,1015,
B_noise,,,,0.9,1.0,,,,,,3,3,0.2,4,,,,,,,,0.9992,50,,,,,wbit,wbit,1,396.00,1.11,11,1,74,1016,
B_noise,,,,0.9,1.0,,,,,,3,3,0.2,4,,,,,,,,0.9991,50,,,,,wbit,wbit,1,396.00,1.11,11,1,75,1017,
B_noise,,,,0.9,1.0,,,,,,3,3,0.2,4,,,,,,,,0.9991,50,,,,,wbit,wbit,1,396.00,1.11,11,1,76,1018,
B_noise,,,,0.9,1.0,,,,,,3,3,0.2,4,,,,,,,,0.9995,50,,,,,wbit,wbit,1,432.00,1.11,12,1,77,1019,
B_noise,,,,0.9,1.0,,,,,,3,3,0.2,4,,,,,,,,0.9991,50,,,,,wbit,wbit,1,396.00,1.11,11,1,78,1020,
B_noise,,,,0.9,1.0,,,,,,3,3,0.2,4,,,,,,,,0.9992,50,,,,,wbit,wbit,1,396.00,1.11,11,1,79,1021,
B_noise,,,,0.9,1.0,,,,,,3,3,0.2,4,,,,,,,,0.9992,50,,,,,wbit,wbit,1,360.00,1.11,10,1,80,1022,
B_noise,,,,0.9,1.0,,,,,,3,3,0.2,4,,,,,,,,0.9991,50,,,,,wbit,wbit,1,396.00,1.11,11,1,81,1023,
B_noise,,,,0.9,1.0,,,,,,3,3,0.2,4,,,,,,,,0.9991,50,,,,,wbit,wbit,1,396.00,1.11,11,1,82,1024,
B_noise,,,,0.9,1.0,,,,,,3,3,0.2,4,,,,,,,,0.9991,50,,,,,wbit,wbit,1,360.00,1.11,10,1,83,1025,
B_noise,,,,0.9,1.0,,,,,,3,3,0.2,4,,,,,,,,0.9991,50,,,,,wbit,wbit,1,396.00,1.11,11,1,84,1026,
B_noise,,,,0.9,1.0,,,,,,3,3,0.2,4,,,,,,,,0.9991,50,,,,,wbit,wbit,1,396.00,1.11,11,1,85,1027,
B_noise,,,,0.9,1.0,,,,,,3,3,0.2,4,,,,,,,,0.9992,50,,,,,wbit,wbit,1,360.00,1.11,10,1,86,1028,
B_noise,,,,0.9,1.0,,,,,,3,3,0.2,4,,,,,,,,0.9994,50,,,,,wbit,wbit,1,432.00,1.11,12,1,87,1029,
B_noise,,,,0.9,1.0,,,,,,3,3,0.2,4,,,,,,,,0.9991,50,,,,,wbit,wbit,1,396.00,1.11,11,1,88,1030,
B_noise,,,,0.9,1.0,,,,,,3,3,0.2,4,,,,,,,,0.9991,50,,,,,wbit,wbit,1,396.00,1.11,11,1,89,1031,
B_noise,,,,0.9,1.0,,,,,,3,3,0.2,4,,,,,,,,0.9995,50,,,,,wbit,wbit,1,432.00,1.11,12,1,90,1032,
B_noise,,,,0.9,1.0,,,,,,3,3,0.2,4,,,,,,,,0.9991,50,,,,,wbit,wbit,1,396.00,1.11,11,1,91,1033,
B_noise,,,,0.9,1.0,,,,,,3,3,0.2,4,,,,,,,,0.9991,50,,,,,wbit,wbit,1,396.00,1.11,11,1,92,1034,
B_noise,,,,0.9,1.0,,,,,,3,3,0.2,4,,,,,,,,0.9991,50,,,,,wbit,wbit,1,396.00,1.11,11,1,93,1035,
B_noise,,,,0.9,1.0,,,,,,3,3,0.2,4,,,,,,,,0.9991,50,,,,,wbit,wbit,1,396.00,1.11,11,1,94,1036,
B_noise,,,,0.9,1.0,,,,,,3,3,0.2,4,,,,,,,,0.9989,50,,,,,wbit,wbit,1,396.00,1.11,11,1,95,1037,
B_noise,,,,0.9,1.0,,,,,,3,3,0.2,4,,,,,,,,0.9992,50,,,,,wbit,wbit,1,396.00,1.11,11,1,96,1038,
B_noise,,,,0.9,1.0,,,,,,3,3,0.2,4,,,,,,,,0.9994,50,,,,,wbit,wbit,1,396.00,1.11,11,1,97,1039,
B_noise,,,,0.9,1.0,,,,,,3,3,0.2,4,,,,,,,,0.9993,50,,,,,wbit,wbit,1,396.00,1.11,11,1,98,1040,
B_noise,,,,0.9,1.0,,,,,,3,3,0.2,4,,,,,,,,0.9991,50,,,,,wbit,wbit,1,396.00,1.11,11,1,99,1041,
B_noise,,,,1.0,1.0,,,,,,3,3,0.2,4,,,,,,,,0.9990,50,,,,,wbit,wbit,1,360.00,1.00,10,1,0,1042,
B_noise,,,,1.0,1.0,,,,,,3,3,0.2,4,,,,,,,,0.9994,50,,,,,wbit,wbit,1,504.00,1.00,14,1,1,1043,
B_noise,,,,1.0,1.0,,,,,,3,3,0.2,4,,,,,,,,0.9991,50,,,,,wbit,wbit,1,396.00,1.00,11,1,2,1044,
B_noise,,,,1.0,1.0,,,,,,3,3,0.2,4,,,,,,,,0.9991,50,,,,,wbit,wbit,1,396.00,1.00,11,1,3,1045,
B_noise,,,,1.0,1.0,,,,,,3,3,0.2,4,,,,,,,,0.9994,50,,,,,wbit,wbit,1,504.00,1.00,14,1,4,1046,
B_noise,,,,1.0,1.0,,,,,,3,3,0.2,4,,,,,,,,0.9991,50,,,,,wbit,wbit,1,396.00,1.00,11,1,5,1047,
B_noise,,,,1.0,1.0,,,,,,3,3,0.2,4,,,,,,,,0.9991,50,,,,,wbit,wbit,1,396.00,1.00,11,1,6,1048,
B_noise,,,,1.0,1.0,,,,,,3,3,0.2,4,,,,,,,,0.9977,50,,,,,wbit,wbit,1,396.00,1.00,11,1,7,1049,
B_noise,,,,1.0,1.0,,,,,,3,3,0.2,4,,,,,,,,0.9990,50,,,,,wbit,wbit,1,360.00,1.00,10,1,8,1050,
B_noise,,,,1.0,1.0,,,,,,3,3,0.2,4,,,,,,,,0.9991,50,,,,,wbit,wbit,1,396.00,1.00,11,1,9,1051,
B_noise,,,,1.0,1.0,,,,,,3,3,0.2,4,,,,,,,,0.9991,50,,,,,wbit,wbit,1,396.00,1.00,11,1,10,1052,
B_noise,,,,1.0,1.0,,,,,,3,3,0.2,4,,,,,,,,0.9991,50,,,,,wbit,wbit,1,396.00,1.00,11,1,11,1053,
B_noise,,,,1.0,1.0,,,,,,3,3,0.2,4,,,,,,,,0.9992,50,,,,,wbit,wbit,1,396.00,1.00,11,1,12,1054,
B_noise,,,,1.0,1.0,,,,,,3,3,0.2,4,,,,,,,,0.9991,50,,,,,wbit,wbit,1,396.00,1.00,11,1,13,1055,
B_noise,,,,1.0,1.0,,,,,,3,3,0.2,4,,,,,,,,0.9991,50,,,,,wbit,wbit,1,396.00,1.00,11,1,14,1056,
B_noise,,,,1.0,1.0,,,,,,3,3,0.2,4,,,,,,,,0.9991,50,,,,,wbit,wbit,1,360.00,1.00,10,1,15,1057,
B_noise,,,,1.0,1.0,,,,,,3,3,0.2,4,,,,,,,,0.9992,50,,,,,wbit,wbit,1,360.00,1.00,10,1,16,1058,
B_noise,,,,1.0,1.0,,,,,,3,3,0.2,4,,,,,,,,0.9991,50,,,,,wbit,wbit,1,396.00,1.00,11,1,17,1059,
B_noise,,,,1.0,1.0,,,,,,3,3,0.2,4,,,,,,,,0.9991,50,,,,,wbit,wbit,1,360.00,1.00,10,1,18,1060,
B_noise,,,,1.0,1.0,,,,,,3,3,0.2,4,,,,,,,,0.9990,50,,,,,wbit,wbit,1,396.00,1.00,11,1,19,1061,
B_noise,,,,1.0,1.0,,,,,,3,3,0.2,4,,,,,,,,0.9991,50,,,,,wbit,wbit,1,468.00,1.00,13,1,20,1062,
B_noise,,,,1.0,1.0,,,,,,3,3,0.2,4,,,,,,,,0.9994,50,,,,,wbit,wbit,1,396.00,1.00,11,1,21,1063,
B_noise,,,,1.0,1.0,,,,,,3,3,0.2,4,,,,,,,,0.9991,50,,,,,wbit,wbit,1,396.00,1.00,11,1,22,1064,
B_noise,,,,1.0,1.0,,,,,,3,3,0.2,4,,,,,,,,0.9994,50,,,,,wbit,wbit,1,396.00,1.00,11,1,23,1065,
B_noise,,,,1.0,1.0,,,,,,3,3,0.2,4,,,,,,,,0.9995,50,,,,,wbit,wbit,1,396.00,1.00,11,1,24,1066,
B_noise,,,,1.0,1.0,,,,,,3,3,0.2,4,,,,,,,,0.9991,50,,,,,wbit,wbit,1,396.00,1.00,11,1,25,1067,
B_noise,,,,1.0,1.0,,,,,,3,3,0.2,4,,,,,,,,0.9992,50,,,,,wbit,wbit,1,396.00,1.00,11,1,26,1068,
B_noise,,,,1.0,1.0,,,,,,3,3,0.2,4,,,,,,,,0.9995,50,,,,,wbit,wbit,1,396.00,1.00,11,1,27,1069,
B_noise,,,,1.0,1.0,,,,,,3,3,0.2,4,,,,,,,,0.9990,50,,,,,wbit,wbit,1,360.00,1.00,10,1,28,1070,
B_noise,,,,1.0,1.0,,,,,,3,3,0.2,4,,,,,,,,0.9991,50,,,,,wbit,wbit,1,396.00,1.00,11,1,29,1071,
B_noise,,,,1.0,1.0,,,,,,3,3,0.2,4,,,,,,,,0.9994,50,,,,,wbit,wbit,1,396.00,1.00,11,1,30,1072,
B_noise,,,,1.0,1.0,,,,,,3,3,0.2,4,,,,,,,,0.9991,50,,,,,wbit,wbit,1,396.00,1.00,11,1,31,1073,
B_noise,,,,1.0,1.0,,,,,,3,3,0.2,4,,,,,,,,0.9991,50,,,,,wbit,wbit,1,396.00,1.00,11,1,32,1074,
B_noise,,,,1.0,1.0,,,,,,3,3,0.2,4,,,,,,,,0.9991,50,,,,,wbit,wbit,1,360.00,1.00,10,1,33,1075,
B_noise,,,,1.0,1.0,,,,,,3,3,0.2,4,,,,,,,,0.9992,50,,,,,wbit,wbit,1,360.00,1.00,10,1,34,1076,
B_noise,,,,1.0,1.0,,,,,,3,3,0.2,4,,,,,,,,0.9991,50,,,,,wbit,wbit,1,396.00,1.00,11,1,35,1077,
B_noise,,,,1.0,1.0,,,,,,3,3,0.2,4,,,,,,,,0.9992,50,,,,,wbit,wbit,1,432.00,1.00,12,1,36,1078,
B_noise,,,,1.0,1.0,,,,,,3,3,0.2,4,,,,,,,,0.9991,50,,,,,wbit,wbit,1,360.00,1.00,10,1,37,1079,
B_noise,,,,1.0,1.0,,,,,,3,3,0.2,4,,,,,,,,0.9991,50,,,,,wbit,wbit,1,360.00,1.00,10,1,38,1080,
B_noise,,,,1.0,1.0,,,,,,3,3,0.2,4,,,,,,,,0.9991,50,,,,,wbit,wbit,1,360.00,1.00,10,1,39,1081,
B_noise,,,,1.0,1.0,,,,,,3,3,0.2,4,,,,,,,,0.9991,50,,,,,wbit,wbit,1,432.00,1.00,12,1,40,1082,
B_noise,,,,1.0,1.0,,,,,,3,3,0.2,4,,,,,,,,0.9991,50,,,,,wbit,wbit,1,396.00,1.00,11,1,41,1083,
B_noise,,,,1.0,1.0,,,,,,3,3,0.2,4,,,,,,,,0.9991,50,,,,,wbit,wbit,1,396.00,1.00,11,1,42,1084,
B_noise,,,,1.0,1.0,,,,,,3,3,0.2,4,,,,,,,,0.9991,50,,,,,wbit,wbit,1,396.00,1.00,11,1,43,1085,
B_noise,,,,1.0,1.0,,,,,,3,3,0.2,4,,,,,,,,0.9995,50,,,,,wbit,wbit,1,432.00,1.00,12,1,44,1086,
B_noise,,,,1.0,1.0,,,,,,3,3,0.2,4,,,,,,,,0.9991,50,,,,,wbit,wbit,1,396.00,1.00,11,1,45,1087,
B_noise,,,,1.0,1.0,,,,,,3,3,0.2,4,,,,,,,,0.9992,50,,,,,wbit,wbit,1,432.00,1.00,12,1,46,1088,
B_noise,,,,1.0,1.0,,,,,,3,3,0.2,4,,,,,,,,0.9995,50,,,,,wbit,wbit,1,396.00,1.00,11,1,47,1089,
B_noise,,,,1.0,1.0,,,,,,3,3,0.2,4,,,,,,,,0.9991,50,,,,,wbit,wbit,1,396.00,1.00,11,1,48,1090,
B_noise,,,,1.0,1.0,,,,,,3,3,0.2,4,,,,,,,,0.9991,50,,,,,wbit,wbit,1,396.00,1.00,11,1,49,1091,
B_noise,,,,1.0,1.0,,,,,,3,3,0.2,4,,,,,,,,0.9992,50,,,,,wbit,wbit,1,360.00,1.00,10,1,50,1092,
B_noise,,,,1.0,1.0,,,,,,3,3,0.2,4,,,,,,,,0.9991,50,,,,,wbit,wbit,1,396.00,1.00,11,1,51,1093,
B_noise,,,,1.0,1.0,,,,,,3,3,0.2,4,,,,,,,,0.9991,50,,,,,wbit,wbit,1,432.00,1.00,12,1,52,1094,
B_noise,,,,1.0,1.0,,,,,,3,3,0.2,4,,,,,,,,0.9991,50,,,,,wbit,wbit,1,396.00,1.00,11,1,53,1095,
B_noise,,,,1.0,1.0,,,,,,3,3,0.2,4,,,,,,,,0.9991,50,,,,,wbit,wbit,1,432.00,1.00,12,1,54,1096,
B_noise,,,,1.0,1.0,,,,,,3,3,0.2,4,,,,,,,,0.9995,50,,,,,wbit,wbit,1,432.00,1.00,12,1,55,1097,
B_noise,,,,1.0,1.0,,,,,,3,3,0.2,4,,,,,,,,0.9991,50,,,,,wbit,wbit,1,396.00,1.00,11,1,56,1098,
B_noise,,,,1.0,1.0,,,,,,3,3,0.2,4,,,,,,,,0.9994,50,,,,,wbit,wbit,1,432.00,1.00,12,1,57,1099,
B_noise,,,,1.0,1.0,,,,,,3,3,0.2,4,,,,,,,,0.9991,50,,,,,wbit,wbit,1,396.00,1.00,11,1,58,1100,
B_noise,,,,1.0,1.0,,,,,,3,3,0.2,4,,,,,,,,0.9994,50,,,,,wbit,wbit,1,432.00,1.00,12,1,59,1101,
B_noise,,,,1.0,1.0,,,,,,3,3,0.2,4,,,,,,,,0.9993,50,,,,,wbit,wbit,1,396.00,1.00,11,1,60,1102,
B_noise,,,,1.0,1.0,,,,,,3,3,0.2,4,,,,,,,,0.9991,50,,,,,wbit,wbit,1,396.00,1.00,11,1,61,1103,
B_noise,,,,1.0,1.0,,,,,,3,3,0.2,4,,,,,,,,0.9990,50,,,,,wbit,wbit,1,396.00,1.00,11,1,62,1104,
B_noise,,,,1.0,1.0,,,,,,3,3,0.2,4,,,,,,,,0.9991,50,,,,,wbit,wbit,1,396.00,1.00,11,1,63,1105,
B_noise,,,,1.0,1.0,,,,,,3,3,0.2,4,,,,,,,,0.9992,50,,,,,wbit,wbit,1,360.00,1.00,10,1,64,1106,
B_noise,,,,1.0,1.0,,,,,,3,3,0.2,4,,,,,,,,0.9993,50,,,,,wbit,wbit,1,396.00,1.00,11,1,65,1107,
B_noise,,,,1.0,1.0,,,,,,3,3,0.2,4,,,,,,,,0.9991,50,,,,,wbit,wbit,1,396.00,1.00,11,1,66,1108,
B_noise,,,,1.0,1.0,,,,,,3,3,0.2,4,,,,,,,,0.9991,50,,,,,wbit,wbit,1,396.00,1.00,11,1,67,1109,
B_noise,,,,1.0,1.0,,,,,,3,3,0.2,4,,,,,,,,0.9995,50,,,,,wbit,wbit,1,396.00,1.00,11,1,68,1110,
B_noise,,,,1.0,1.0,,,,,,3,3,0.2,4,,,,,,,,0.9993,50,,,,,wbit,wbit,1,432.00,1.00,12,1,69,1111,
B_noise,,,,1.0,1.0,,,,,,3,3,0.2,4,,,,,,,,0.9991,50,,,,,wbit,wbit,1,396.00,1.00,11,1,70,1112,
B_noise,,,,1.0,1.0,,,,,,3,3,0.2,4,,,,,,,,0.9992,50,,,,,wbit,wbit,1,360.00,1.00,10,1,71,1113,
B_noise,,,,1.0,1.0,,,,,,3,3,0.2,4,,,,,,,,0.9992,50,,,,,wbit,wbit,1,396.00,1.00,11,1,72,1114,
B_noise,,,,1.0,1.0,,,,,,3,3,0.2,4,,,,,,,,0.9991,50,,,,,wbit,wbit,1,396.00,1.00,11,1,73,1115,
B_noise,,,,1.0,1.0,,,,,,3,3,0.2,4,,,,,,,,0.9991,50,,,,,wbit,wbit,1,396.00,1.00,11,1,74,1116,
B_noise,,,,1.0,1.0,,,,,,3,3,0.2,4,,,,,,,,0.9991,50,,,,,wbit,wbit,1,396.00,1.00,11,1,75,1117,
B_noise,,,,1.0,1.0,,,,,,3,3,0.2,4,,,,,,,,0.9994,50,,,,,wbit,wbit,1,396.00,1.00,11,1,76,1118,
B_noise,,,,1.0,1.0,,,,,,3,3,0.2,4,,,,,,,,0.9992,50,,,,,wbit,wbit,1,432.00,1.00,12,1,77,1119,
B_noise,,,,1.0,1.0,,,,,,3,3,0.2,4,,,,,,,,0.9991,50,,,,,wbit,wbit,1,360.00,1.00,10,1,78,1120,
B_noise,,,,1.0,1.0,,,,,,3,3,0.2,4,,,,,,,,0.9991,50,,,,,wbit,wbit,1,396.00,1.00,11,1,79,1121,
B_noise,,,,1.0,1.0,,,,,,3,3,0.2,4,,,,,,,,0.9991,50,,,,,wbit,wbit,1,396.00,1.00,11,1,80,1122,
B_noise,,,,1.0,1.0,,,,,,3,3,0.2,4,,,,,,,,0.9992,50,,,,,wbit,wbit,1,360.00,1.00,10,1,81,1123,
B_noise,,,,1.0,1.0,,,,,,3,3,0.2,4,,,,,,,,0.9994,50,,,,,wbit,wbit,1,432.00,1.00,12,1,82,1124,
B_noise,,,,1.0,1.0,,,,,,3,3,0.2,4,,,,,,,,0.9990,50,,,,,wbit,wbit,1,396.00,1.00,11,1,83,1125,
B_noise,,,,1.0,1.0,,,,,,3,3,0.2,4,,,,,,,,0.9992,50,,,,,wbit,wbit,1,396.00,1.00,11,1,84,1126,
B_noise,,,,1.0,1.0,,,,,,3,3,0.2,4,,,,,,,,0.9994,50,,,,,wbit,wbit,1,432.00,1.00,12,1,85,1127,
B_noise,,,,1.0,1.0,,,,,,3,3,0.2,4,,,,,,,,0.9994,50,,,,,wbit,wbit,1,432.00,1.00,12,1,86,1128,
B_noise,,,,1.0,1.0,,,,,,3,3,0.2,4,,,,,,,,0.9991,50,,,,,wbit,wbit,1,396.00,1.00,11,1,87,1129,
B_noise,,,,1.0,1.0,,,,,,3,3,0.2,4,,,,,,,,0.9991,50,,,,,wbit,wbit,1,396.00,1.00,11,1,88,1130,
B_noise,,,,1.0,1.0,,,,,,3,3,0.2,4,,,,,,,,0.9991,50,,,,,wbit,wbit,1,432.00,1.00,12,1,89,1131,
B_noise,,,,1.0,1.0,,,,,,3,3,0.2,4,,,,,,,,0.9991,50,,,,,wbit,wbit,1,396.00,1.00,11,1,90,1132,
B_noise,,,,1.0,1.0,,,,,,3,3,0.2,4,,,,,,,,0.9993,50,,,,,wbit,wbit,1,432.00,1.00,12,1,91,1133,
B_noise,,,,1.0,1.0,,,,,,3,3,0.2,4,,,,,,,,0.9991,50,,,,,wbit,wbit,1,360.00,1.00,10,1,92,1134,
B_noise,,,,1.0,1.0,,,,,,3,3,0.2,4,,,,,,,,0.9994,50,,,,,wbit,wbit,1,396.00,1.00,11,1,93,1135,
B_noise,,,,1.0,1.0,,,,,,3,3,0.2,4,,,,,,,,0.9990,50,,,,,wbit,wbit,1,360.00,1.00,10,1,94,1136,
B_noise,,,,1.0,1.0,,,,,,3,3,0.2,4,,,,,,,,0.9992,50,,,,,wbit,wbit,1,360.00,1.00,10,1,95,1137,
B_noise,,,,1.0,1.0,,,,,,3,3,0.2,4,,,,,,,,0.9991,50,,,,,wbit,wbit,1,396.00,1.00,11,1,96,1138,
B_noise,,,,1.0,1.0,,,,,,3,3,0.2,4,,,,,,,,0.9991,50,,,,,wbit,wbit,1,432.00,1.00,12,1,97,1139,
B_noise,,,,1.0,1.0,,,,,,3,3,0.2,4,,,,,,,,0.9991,50,,,,,wbit,wbit,1,360.00,1.00,10,1,98,1140,
B_noise,,,,1.0,1.0,,,,,,3,3,0.2,4,,,,,,,,0.9992,50,,,,,wbit,wbit,1,360.00,1.00,10,1,99,1141,
B_noise,,,,1.1,1.0,,,,,,3,3,0.2,4,,,,,,,,0.9991,50,,,,,wbit,wbit,1,432.00,0.91,12,1,0,1142,
B_noise,,,,1.1,1.0,,,,,,3,3,0.2,4,,,,,,,,0.9991,50,,,,,wbit,wbit,1,396.00,0.91,11,1,1,1143,
B_noise,,,,1.1,1.0,,,,,,3,3,0.2,4,,,,,,,,0.9994,50,,,,,wbit,wbit,1,648.00,0.91,18,1,2,1144,
B_noise,,,,1.1,1.0,,,,,,3,3,0.2,4,,,,,,,,0.9991,50,,,,,wbit,wbit,1,396.00,0.91,11,1,3,1145,
B_noise,,,,1.1,1.0,,,,,,3,3,0.2,4,,,,,,,,0.9991,50,,,,,wbit,wbit,1,360.00,0.91,10,1,4,1146,
B_noise,,,,1.1,1.0,,,,,,3,3,0.2,4,,,,,,,,0.9993,50,,,,,wbit,wbit,1,396.00,0.91,11,1,5,1147,
B_noise,,,,1.1,1.0,,,,,,3,3,0.2,4,,,,,,,,0.9991,50,,,,,wbit,wbit,1,396.00,0.91,11,1,6,1148,
B_noise,,,,1.1,1.0,,,,,,3,3,0.2,4,,,,,,,,0.9991,50,,,,,wbit,wbit,1,396.00,0.91,11,1,7,1149,
B_noise,,,,1.1,1.0,,,,,,3,3,0.2,4,,,,,,,,0.9991,50,,,,,wbit,wbit,1,396.00,0.91,11,1,8,1150,
B_noise,,,,1.1,1.0,,,,,,3,3,0.2,4,,,,,,,,0.9991,50,,,,,wbit,wbit,1,396.00,0.91,11,1,9,1151,
B_noise,,,,1.1,1.0,,,,,,3,3,0.2,4,,,,,,,,0.9992,50,,,,,wbit,wbit,1,360.00,0.91,10,1,10,1152,
B_noise,,,,1.1,1.0,,,,,,3,3,0.2,4,,,,,,,,0.9991,50,,,,,wbit,wbit,1,396.00,0.91,11,1,11,1153,
B_noise,,,,1.1,1.0,,,,,,3,3,0.2,4,,,,,,,,0.9991,50,,,,,wbit,wbit,1,432.00,0.91,12,1,12,1154,
B_noise,,,,1.1,1.0,,,,,,3,3,0.2,4,,,,,,,,0.9991,50,,,,,wbit,wbit,1,396.00,0.91,11,1,13,1155,
B_noise,,,,1.1,1.0,,,,,,3,3,0.2,4,,,,,,,,0.9994,50,,,,,wbit,wbit,1,504.00,0.91,14,1,14,1156,
B_noise,,,,1.1,1.0,,,,,,3,3,0.2,4,,,,,,,,0.9991,50,,,,,wbit,wbit,1,396.00,0.91,11,1,15,1157,
B_noise,,,,1.1,1.0,,,,,,3,3,0.2,4,,,,,,,,0.9972,50,,,,,wbit,wbit,1,324.00,0.91,9,1,16,1158,
B_noise,,,,1.1,1.0,,,,,,3,3,0.2,4,,,,,,,,0.9991,50,,,,,wbit,wbit,1,396.00,0.91,11,1,17,1159,
B_noise,,,,1.1,1.0,,,,,,3,3,0.2,4,,,,,,,,0.9992,50,,,,,wbit,wbit,1,396.00,0.91,11,1,18,1160,
B_noise,,,,1.1,1.0,,,,,,3,3,0.2,4,,,,,,,,0.9991,50,,,,,wbit,wbit,1,396.00,0.91,11,1,19,1161,
B_noise,,,,1.1,1.0,,,,,,3,3,0.2,4,,,,,,,,0.9995,50,,,,,wbit,wbit,1,720.00,0.91,20,1,20,1162,
B_noise,,,,1.1,1.0,,,,,,3,3,0.2,4,,,,,,,,0.9994,50,,,,,wbit,wbit,1,396.00,0.91,11,1,21,1163,
B_noise,,,,1.1,1.0,,,,,,3,3,0.2,4,,,,,,,,0.9992,50,,,,,wbit,wbit,1,360.00,0.91,10,1,22,1164,
B_noise,,,,1.1,1.0,,,,,,3,3,0.2,4,,,,,,,,0.9994,50,,,,,wbit,wbit,1,396.00,0.91,11,1,23,1165,
B_noise,,,,1.1,1.0,,,,,,3,3,0.2,4,,,,,,,,0.9992,50,,,,,wbit,wbit,1,396.00,0.91,11,1,24,1166,
B_noise,,,,1.1,1.0,,,,,,3,3,0.2,4,,,,,,,,0.9993,50,,,,,wbit,wbit,1,396.00,0.91,11,1,25,1167,
B_noise,,,,1.1,1.0,,,,,,3,3,0.2,4,,,,,,,,0.9991,50,,,,,wbit,wbit,1,396.00,0.91,11,1,26,1168,
B_noise,,,,1.1,1.0,,,,,,3,3,0.2,4,,,,,,,,0.9990,50,,,,,wbit,wbit,1,396.00,0.91,11,1,27,1169,
B_noise,,,,1.1,1.0,,,,,,3,3,0.2,4,,,,,,,,0.9992,50,,,,,wbit,wbit,1,360.00,0.91,10,1,28,1170,
B_noise,,,,1.1,1.0,,,,,,3,3,0.2,4,,,,,,,,0.9991,50,,,,,wbit,wbit,1,648.00,0.91,18,1,29,1171,
B_noise,,,,1.1,1.0,,,,,,3,3,0.2,4,,,,,,,,0.9992,50,,,,,wbit,wbit,1,432.00,0.91,12,1,30,1172,
B_noise,,,,1.1,1.0,,,,,,3,3,0.2,4,,,,,,,,0.9991,50,,,,,wbit,wbit,1,360.00,0.91,10,1,31,1173,
B_noise,,,,1.1,1.0,,,,,,3,3,0.2,4,,,,,,,,0.9995,50,,,,,wbit,wbit,1,396.00,0.91,11,1,32,1174,
B_noise,,,,1.1,1.0,,,,,,3,3,0.2,4,,,,,,,,0.9992,50,,,,,wbit,wbit,1,504.00,0.91,14,1,33,1175,
B_noise,,,,1.1,1.0,,,,,,3,3,0.2,4,,,,,,,,0.9991,50,,,,,wbit,wbit,1,396.00,0.91,11,1,34,1176,
B_noise,,,,1.1,1.0,,,,,,3,3,0.2,4,,,,,,,,0.9992,50,,,,,wbit,wbit,1,360.00,0.91,10,1,35,1177,
B_noise,,,,1.1,1.0,,,,,,3,3,0.2,4,,,,,,,,0.9992,50,,,,,wbit,wbit,1,396.00,0.91,11,1,36,1178,
B_noise,,,,1.1,1.0,,,,,,3,3,0.2,4,,,,,,,,0.9991,50,,,,,wbit,wbit,1,684.00,0.91,19,1,37,1179,
B_noise,,,,1.1,1.0,,,,,,3,3,0.2,4,,,,,,,,0.9991,50,,,,,wbit,wbit,1,396.00,0.91,11,1,38,1180,
B_noise,,,,1.1,1.0,,,,,,3,3,0.2,4,,,,,,,,0.9994,50,,,,,wbit,wbit,1,396.00,0.91,11,1,39,1181,
B_noise,,,,1.1,1.0,,,,,,3,3,0.2,4,,,,,,,,0.9991,50,,,,,wbit,wbit,1,432.00,0.91,12,1,40,1182,
B_noise,,,,1.1,1.0,,,,,,3,3,0.2,4,,,,,,,,0.9991,50,,,,,wbit,wbit,1,360.00,0.91,10,1,41,1183,
B_noise,,,,1.1,1.0,,,,,,3,3,0.2,4,,,,,,,,0.9991,50,,,,,wbit,wbit,1,396.00,0.91,11,1,42,1184,
B_noise,,,,1.1,1.0,,,,,,3,3,0.2,4,,,,,,,,0.9992,50,,,,,wbit,wbit,1,360.00,0.91,10,1,43,1185,
B_noise,,,,1.1,1.0,,,,,,3,3,0.2,4,,,,,,,,0.9991,50,,,,,wbit,wbit,1,396.00,0.91,11,1,44,1186,
B_noise,,,,1.1,1.0,,,,,,3,3,0.2,4,,,,,,,,0.9991,50,,,,,wbit,wbit,1,360.00,0.91,10,1,45,1187,
B_noise,,,,1.1,1.0,,,,,,3,3,0.2,4,,,,,,,,0.9992,50,,,,,wbit,wbit,1,432.00,0.91,12,1,46,1188,
B_noise,,,,1.1,1.0,,,,,,3,3,0.2,4,,,,,,,,0.9992,50,,,,,wbit,wbit,1,360.00,0.91,10,1,47,1189,
B_noise,,,,1.1,1.0,,,,,,3,3,0.2,4,,,,,,,,0.9995,50,,,,,wbit,wbit,1,468.00,0.91,13,1,48,1190,
B_noise,,,,1.1,1.0,,,,,,3,3,0.2,4,,,,,,,,0.9993,50,,,,,wbit,wbit,1,432.00,0.91,12,1,49,1191,
B_noise,,,,1.1,1.0,,,,,,3,3,0.2,4,,,,,,,,0.9995,50,,,,,wbit,wbit,1,432.00,0.91,12,1,50,1192,
B_noise,,,,1.1,1.0,,,,,,3,3,0.2,4,,,,,,,,0.9992,50,,,,,wbit,wbit,1,396.00,0.91,11,1,51,1193,
B_noise,,,,1.1,1.0,,,,,,3,3,0.2,4,,,,,,,,0.9991,50,,,,,wbit,wbit,1,432.00,0.91,12,1,52,1194,
B_noise,,,,1.1,1.0,,,,,,3,3,0.2,4,,,,,,,,0.9991,50,,,,,wbit,wbit,1,432.00,0.91,12,1,53,1195,
B_noise,,,,1.1,1.0,,,,,,3,3,0.2,4,,,,,,,,0.9994,50,,,,,wbit,wbit,1,432.00,0.91,12,1,54,1196,
B_noise,,,,1.1,1.0,,,,,,3,3,0.2,4,,,,,,,,0.9991,50,,,,,wbit,wbit,1,360.00,0.91,10,1,55,1197,
B_noise,,,,1.1,1.0,,,,,,3,3,0.2,4,,,,,,,,0.9991,50,,,,,wbit,wbit,1,396.00,0.91,11,1,56,1198,
B_noise,,,,1.1,1.0,,,,,,3,3,0.2,4,,,,,,,,0.9992,50,,,,,wbit,wbit,1,360.00,0.91,10,1,57,1199,
B_noise,,,,1.1,1.0,,,,,,3,3,0.2,4,,,,,,,,0.9991,50,,,,,wbit,wbit,1,396.00,0.91,11,1,58,1200,
B_noise,,,,1.1,1.0,,,,,,3,3,0.2,4,,,,,,,,0.9991,50,,,,,wbit,wbit,1,396.00,0.91,11,1,59,1201,
B_noise,,,,1.1,1.0,,,,,,3,3,0.2,4,,,,,,,,0.9992,50,,,,,wbit,wbit,1,396.00,0.91,11,1,60,1202,
B_noise,,,,1.1,1.0,,,,,,3,3,0.2,4,,,,,,,,0.9994,50,,,,,wbit,wbit,1,396.00,0.91,11,1,61,1203,
B_noise,,,,1.1,1.0,,,,,,3,3,0.2,4,,,,,,,,0.9991,50,,,,,wbit,wbit,1,432.00,0.91,12,1,62,1204,
B_noise,,,,1.1,1.0,,,,,,3,3,0.2,4,,,,,,,,0.9992,50,,,,,wbit,wbit,1,360.00,0.91,10,1,63,1205,
B_noise,,,,1.1,1.0,,,,,,3,3,0.2,4,,,,,,,,0.9991,50,,,,,wbit,wbit,1,396.00,0.91,11,1,64,1206,
B_noise,,,,1.1,1.0,,,,,,3,3,0.2,4,,,,,,,,0.9991,50,,,,,wbit,wbit,1,396.00,0.91,11,1,65,1207,
B_noise,,,,1.1,1.0,,,,,,3,3,0.2,4,,,,,,,,0.9991,50,,,,,wbit,wbit,1,360.00,0.91,10,1,66,1208,
B_noise,,,,1.1,1.0,,,,,,3,3,0.2,4,,,,,,,,0.9992,50,,,,,wbit,wbit,1,360.00,0.91,10,1,67,1209,
B_noise,,,,1.1,1.0,,,,,,3,3,0.2,4,,,,,,,,0.9991,50,,,,,wbit,wbit,1,396.00,0.91,11,1,68,1210,
B_noise,,,,1.1,1.0,,,,,,3,3,0.2,4,,,,,,,,0.9992,50,,,,,wbit,wbit,1,360.00,0.91,10,1,69,1211,
B_noise,,,,1.1,1.0,,,,,,3,3,0.2,4,,,,,,,,0.9991,50,,,,,wbit,wbit,1,396.00,0.91,11,1,70,1212,
B_noise,,,,1.1,1.0,,,,,,3,3,0.2,4,,,,,,,,0.9994,50,,,,,wbit,wbit,1,396.00,0.91,11,1,71,1213,
B_noise,,,,1.1,1.0,,,,,,3,3,0.2,4,,,,,,,,0.9995,50,,,,,wbit,wbit,1,432.00,0.91,12,1,72,1214,
B_noise,,,,1.1,1.0,,,,,,3,3,0.2,4,,,,,,,,0.9992,50,,,,,wbit,wbit,1,360.00,0.91,10,1,73,1215,
B_noise,,,,1.1,1.0,,,,,,3,3,0.2,4,,,,,,,,0.9991,50,,,,,wbit,wbit,1,396.00,0.91,11,1,74,1216,
B_noise,,,,1.1,1.0,,,,,,3,3,0.2,4,,,,,,,,0.9993,50,,,,,wbit,wbit,1,468.00,0.91,13,1,75,1217,
B_noise,,,,1.1,1.0,,,,,,3,3,0.2,4,,,,,,,,0.9992,50,,,,,wbit,wbit,1,360.00,0.91,10,1,76,1218,
B_noise,,,,1.1,1.0,,,,,,3,3,0.2,4,,,,,,,,0.9991,50,,,,,wbit,wbit,1,396.00,0.91,11,1,77,1219,
B_noise,,,,1.1,1.0,,,,,,3,3,0.2,4,,,,,,,,0.9991,50,,,,,wbit,wbit,1,396.00,0.91,11,1,78,1220,
B_noise,,,,1.1,1.0,,,,,,3,3,0.2,4,,,,,,,,0.9991,50,,,,,wbit,wbit,1,396.00,0.91,11,1,79,1221,
B_noise,,,,1.1,1.0,,,,,,3,3,0.2,4,,,,,,,,0.9995,50,,,,,wbit,wbit,1,468.00,0.91,13,1,80,1222,
B_noise,,,,1.1,1.0,,,,,,3,3,0.2,4,,,,,,,,0.9990,50,,,,,wbit,wbit,1,396.00,0.91,11,1,81,1223,
B_noise,,,,1.1,1.0,,,,,,3,3,0.2,4,,,,,,,,0.9994,50,,,,,wbit,wbit,1,396.00,0.91,11,1,82,1224,
B_noise,,,,1.1,1.0,,,,,,3,3,0.2,4,,,,,,,,0.9991,50,,,,,wbit,wbit,1,396.00,0.91,11,1,83,1225,
B_noise,,,,1.1,1.0,,,,,,3,3,0.2,4,,,,,,,,0.9992,50,,,,,wbit,wbit,1,396.00,0.91,11,1,84,1226,
B_noise,,,,1.1,1.0,,,,,,3,3,0.2,4,,,,,,,,0.9991,50,,,,,wbit,wbit,1,396.00,0.91,11,1,85,1227,
B_noise,,,,1.1,1.0,,,,,,3,3,0.2,4,,,,,,,,0.9994,50,,,,,wbit,wbit,1,396.00,0.91,11,1,86,1228,
B_noise,,,,1.1,1.0,,,,,,3,3,0.2,4,,,,,,,,0.9991,50,,,,,wbit,wbit,1,432.00,0.91,12,1,87,1229,
B_noise,,,,1.1,1.0,,,,,,3,3,0.2,4,,,,,,,,0.9992,50,,,,,wbit,wbit,1,360.00,0.91,10,1,88,1230,
B_noise,,,,1.1,1.0,,,,,,3,3,0.2,4,,,,,,,,0.9992,50,,,,,wbit,wbit,1,360.00,0.91,10,1,89,1231,
B_noise,,,,1.1,1.0,,,,,,3,3,0.2,4,,,,,,,,0.9991,50,,,,,wbit,wbit,1,396.00,0.91,11,1,90,1232,
B_noise,,,,1.1,1.0,,,,,,3,3,0.2,4,,,,,,,,0.9991,50,,,,,wbit,wbit,1,360.00,0.91,10,1,91,1233,
B_noise,,,,1.1,1.0,,,,,,3,3,0.2,4,,,,,,,,0.9991,50,,,,,wbit,wbit,1,432.00,0.91,12,1,92,1234,
B_noise,,,,1.1,1.0,,,,,,3,3,0.2,4,,,,,,,,0.9992,50,,,,,wbit,wbit,1,360.00,0.91,10,1,93,1235,
B_noise,,,,1.1,1.0,,,,,,3,3,0.2,4,,,,,,,,0.9991,50,,,,,wbit,wbit,1,360.00,0.91,10,1,94,1236,
B_noise,,,,1.1,1.0,,,,,,3,3,0.2,4,,,,,,,,0.9994,50,,,,,wbit,wbit,1,720.00,0.91,20,1,95,1237,
B_noise,,,,1.1,1.0,,,,,,3,3,0.2,4,,,,,,,,0.9991,50,,,,,wbit,wbit,1,396.00,0.91,11,1,96,1238,
B_noise,,,,1.1,1.0,,,,,,3,3,0.2,4,,,,,,,,0.9992,50,,,,,wbit,wbit,1,360.00,0.91,10,1,97,1239,
B_noise,,,,1.1,1.0,,,,,,3,3,0.2,4,,,,,,,,0.9993,50,,,,,wbit,wbit,1,396.00,0.91,11,1,98,1240,
B_noise,,,,1.1,1.0,,,,,,3,3,0.2,4,,,,,,,,0.9991,50,,,,,wbit,wbit,1,396.00,0.91,11,1,99,1241,
B_noise,,,,1.2,1.0,,,,,,3,3,0.2,4,,,,,,,,0.9990,50,,,,,wbit,wbit,1,432.00,0.83,12,1,0,1242,
B_noise,,,,1.2,1.0,,,,,,3,3,0.2,4,,,,,,,,0.9993,50,,,,,wbit,wbit,1,396.00,0.83,11,1,1,1243,
B_noise,,,,1.2,1.0,,,,,,3,3,0.2,4,,,,,,,,0.9993,50,,,,,wbit,wbit,1,432.00,0.83,12,1,2,1244,
B_noise,,,,1.2,1.0,,,,,,3,3,0.2,4,,,,,,,,0.9992,50,,,,,wbit,wbit,1,360.00,0.83,10,1,3,1245,
B_noise,,,,1.2,1.0,,,,,,3,3,0.2,4,,,,,,,,0.9991,50,,,,,wbit,wbit,1,396.00,0.83,11,1,4,1246,
B_noise,,,,1.2,1.0,,,,,,3,3,0.2,4,,,,,,,,0.9994,50,,,,,wbit,wbit,1,432.00,0.83,12,1,5,1247,
B_noise,,,,1.2,1.0,,,,,,3,3,0.2,4,,,,,,,,0.9992,50,,,,,wbit,wbit,1,360.00,0.83,10,1,6,1248,
B_noise,,,,1.2,1.0,,,,,,3,3,0.2,4,,,,,,,,0.9991,50,,,,,wbit,wbit,1,396.00,0.83,11,1,7,1249,
B_noise,,,,1.2,1.0,,,,,,3,3,0.2,4,,,,,,,,0.9991,50,,,,,wbit,wbit,1,360.00,0.83,10,1,8,1250,
B_noise,,,,1.2,1.0,,,,,,3,3,0.2,4,,,,,,,,0.9992,50,,,,,wbit,wbit,1,360.00,0.83,10,1,9,1251,
B_noise,,,,1.2,1.0,,,,,,3,3,0.2,4,,,,,,,,0.9991,50,,,,,wbit,wbit,1,396.00,0.83,11,1,10,1252,
B_noise,,,,1.2,1.0,,,,,,3,3,0.2,4,,,,,,,,0.9991,50,,,,,wbit,wbit,1,396.00,0.83,11,1,11,1253,
B_noise,,,,1.2,1.0,,,,,,3,3,0.2,4,,,,,,,,0.9995,50,,,,,wbit,wbit,1,432.00,0.83,12,1,12,1254,
B_noise,,,,1.2,1.0,,,,,,3,3,0.2,4,,,,,,,,0.9990,50,,,,,wbit,wbit,1,360.00,0.83,10,1,13,1255,
B_noise,,,,1.2,1.0,,,,,,3,3,0.2,4,,,,,,,,0.9993,50,,,,,wbit,wbit,1,540.00,0.83,15,1,14,1256,
B_noise,,,,1.2,1.0,,,,,,3,3,0.2,4,,,,,,,,0.9994,50,,,,,wbit,wbit,1,504.00,0.83,14,1,15,1257,
B_noise,,,,1.2,1.0,,,,,,3,3,0.2,4,,,,,,,,0.9992,50,,,,,wbit,wbit,1,432.00,0.83,12,1,16,1258,
B_noise,,,,1.2,1.0,,,,,,3,3,0.2,4,,,,,,,,0.9993,50,,,,,wbit,wbit,1,432.00,0.83,12,1,17,1259,
B_noise,,,,1.2,1.0,,,,,,3,3,0.2,4,,,,,,,,0.9991,50,,,,,wbit,wbit,1,396.00,0.83,11,1,18,1260,
B_noise,,,,1.2,1.0,,,,,,3,3,0.2,4,,,,,,,,0.9994,50,,,,,wbit,wbit,1,468.00,0.83,13,1,19,1261,
B_noise,,,,1.2,1.0,,,,,,3,3,0.2,4,,,,,,,,0.9992,50,,,,,wbit,wbit,1,360.00,0.83,10,1,20,1262,
B_noise,,,,1.2,1.0,,,,,,3,3,0.2,4,,,,,,,,0.9990,50,,,,,wbit,wbit,1,432.00,0.83,12,1,21,1263,
B_noise,,,,1.2,1.0,,,,,,3,3,0.2,4,,,,,,,,0.9995,50,,,,,wbit,wbit,1,432.00,0.83,12,1,22,1264,
B_noise,,,,1.2,1.0,,,,,,3,3,0.2,4,,,,,,,,0.9991,50,,,,,wbit,wbit,1,396.00,0.83,11,1,23,1265,
B_noise,,,,1.2,1.0,,,,,,3,3,0.2,4,,,,,,,,0.9994,50,,,,,wbit,wbit,1,396.00,0.83,11,1,24,1266,
B_noise,,,,1.2,1.0,,,,,,3,3,0.2,4,,,,,,,,0.9994,50,,,,,wbit,wbit,1,432.00,0.83,12,1,25,1267,
B_noise,,,,1.2,1.0,,,,,,3,3,0.2,4,,,,,,,,0.9992,50,,,,,wbit,wbit,1,360.00,0.83,10,1,26,1268,
B_noise,,,,1.2,1.0,,,,,,3,3,0.2,4,,,,,,,,0.9994,50,,,,,wbit,wbit,1,612.00,0.83,17,1,27,1269,
B_noise,,,,1.2,1.0,,,,,,3,3,0.2,4,,,,,,,,0.9992,50,,,,,wbit,wbit,1,432.00,0.83,12,1,28,1270,
B_noise,,,,1.2,1.0,,,,,,3,3,0.2,4,,,,,,,,0.9991,50,,,,,wbit,wbit,1,396.00,0.83,11,1,29,1271,
B_noise,,,,1.2,1.0,,,,,,3,3,0.2,4,,,,,,,,0.9993,50,,,,,wbit,wbit,1,432.00,0.83,12,1,30,1272,
B_noise,,,,1.2,1.0,,,,,,3,3,0.2,4,,,,,,,,0.9990,50,,,,,wbit,wbit,1,612.00,0.83,17,1,31,1273,
B_noise,,,,1.2,1.0,,,,,,3,3,0.2,4,,,,,,,,0.9991,50,,,,,wbit,wbit,1,360.00,0.83,10,1,32,1274,
B_noise,,,,1.2,1.0,,,,,,3,3,0.2,4,,,,,,,,0.9993,50,,,,,wbit,wbit,1,432.00,0.83,12,1,33,1275,
B_noise,,,,1.2,1.0,,,,,,3,3,0.2,4,,,,,,,,0.9992,50,,,,,wbit,wbit,1,396.00,0.83,11,1,34,1276,
B_noise,,,,1.2,1.0,,,,,,3,3,0.2,4,,,,,,,,0.9991,50,,,,,wbit,wbit,1,396.00,0.83,11,1,35,1277,
B_noise,,,,1.2,1.0,,,,,,3,3,0.2,4,,,,,,,,0.9991,50,,,,,wbit,wbit,1,396.00,0.83,11,1,36,1278,
B_noise,,,,1.2,1.0,,,,,,3,3,0.2,4,,,,,,,,0.9991,50,,,,,wbit,wbit,1,360.00,0.83,10,1,37,1279,
B_noise,,,,1.2,1.0,,,,,,3,3,0.2,4,,,,,,,,0.9993,50,,,,,wbit,wbit,1,432.00,0.83,12,1,38,1280,
B_noise,,,,1.2,1.0,,,,,,3,3,0.2,4,,,,,,,,0.9995,50,,,,,wbit,wbit,1,396.00,0.83,11,1,39,1281,
B_noise,,,,1.2,1.0,,,,,,3,3,0.2,4,,,,,,,,0.9994,50,,,,,wbit,wbit,1,396.00,0.83,11,1,40,1282,
B_noise,,,,1.2,1.0,,,,,,3,3,0.2,4,,,,,,,,0.9991,50,,,,,wbit,wbit,1,396.00,0.83,11,1,41,1283,
B_noise,,,,1.2,1.0,,,,,,3,3,0.2,4,,,,,,,,0.9995,50,,,,,wbit,wbit,1,468.00,0.83,13,1,42,1284,
B_noise,,,,1.2,1.0,,,,,,3,3,0.2,4,,,,,,,,0.9991,50,,,,,wbit,wbit,1,360.00,0.83,10,1,43,1285,
B_noise,,,,1.2,1.0,,,,,,3,3,0.2,4,,,,,,,,0.9990,50,,,,,wbit,wbit,1,612.00,0.83,17,1,44,1286,
B_noise,,,,1.2,1.0,,,,,,3,3,0.2,4,,,,,,,,0.9991,50,,,,,wbit,wbit,1,396.00,0.83,11,1,45,1287,
B_noise,,,,1.2,1.0,,,,,,3,3,0.2,4,,,,,,,,0.9991,50,,,,,wbit,wbit,1,360.00,0.83,10,1,46,1288,
B_noise,,,,1.2,1.0,,,,,,3,3,0.2,4,,,,,,,,0.9992,50,,,,,wbit,wbit,1,612.00,0.83,17,1,47,1289,
B_noise,,,,1.2,1.0,,,,,,3,3,0.2,4,,,,,,,,0.9992,50,,,,,wbit,wbit,1,360.00,0.83,10,1,48,1290,
B_noise,,,,1.2,1.0,,,,,,3,3,0.2,4,,,,,,,,0.9992,50,,,,,wbit,wbit,1,360.00,0.83,10,1,49,1291,
B_noise,,,,1.2,1.0,,,,,,3,3,0.2,4,,,,,,,,0.9995,50,,,,,wbit,wbit,1,432.00,0.83,12,1,50,1292,
B_noise,,,,1.2,1.0,,,,,,3,3,0.2,4,,,,,,,,0.9994,50,,,,,wbit,wbit,1,504.00,0.83,14,1,51,1293,
B_noise,,,,1.2,1.0,,,,,,3,3,0.2,4,,,,,,,,0.9993,50,,,,,wbit,wbit,1,396.00,0.83,11,1,52,1294,
B_noise,,,,1.2,1.0,,,,,,3,3,0.2,4,,,,,,,,0.9992,50,,,,,wbit,wbit,1,360.00,0.83,10,1,53,1295,
B_noise,,,,1.2,1.0,,,,,,3,3,0.2,4,,,,,,,,0.9987,50,,,,,wbit,wbit,1,396.00,0.83,11,1,54,1296,
B_noise,,,,1.2,1.0,,,,,,3,3,0.2,4,,,,,,,,0.9992,50,,,,,wbit,wbit,1,396.00,0.83,11,1,55,1297,
B_noise,,,,1.2,1.0,,,,,,3,3,0.2,4,,,,,,,,0.9990,50,,,,,wbit,wbit,1,432.00,0.83,12,1,56,1298,
B_noise,,,,1.2,1.0,,,,,,3,3,0.2,4,,,,,,,,0.9991,50,,,,,wbit,wbit,1,396.00,0.83,11,1,57,1299,
B_noise,,,,1.2,1.0,,,,,,3,3,0.2,4,,,,,,,,0.9991,50,,,,,wbit,wbit,1,396.00,0.83,11,1,58,1300,
B_noise,,,,1.2,1.0,,,,,,3,3,0.2,4,,,,,,,,0.9993,50,,,,,wbit,wbit,1,396.00,0.83,11,1,59,1301,
B_noise,,,,1.2,1.0,,,,,,3,3,0.2,4,,,,,,,,0.9991,50,,,,,wbit,wbit,1,396.00,0.83,11,1,60,1302,
B_noise,,,,1.2,1.0,,,,,,3,3,0.2,4,,,,,,,,0.9993,50,,,,,wbit,wbit,1,396.00,0.83,11,1,61,1303,
B_noise,,,,1.2,1.0,,,,,,3,3,0.2,4,,,,,,,,0.9992,50,,,,,wbit,wbit,1,396.00,0.83,11,1,62,1304,
B_noise,,,,1.2,1.0,,,,,,3,3,0.2,4,,,,,,,,0.9993,50,,,,,wbit,wbit,1,396.00,0.83,11,1,63,1305,
B_noise,,,,1.2,1.0,,,,,,3,3,0.2,4,,,,,,,,0.9993,50,,,,,wbit,wbit,1,612.00,0.83,17,1,64,1306,
B_noise,,,,1.2,1.0,,,,,,3,3,0.2,4,,,,,,,,0.9995,50,,,,,wbit,wbit,1,432.00,0.83,12,1,65,1307,
B_noise,,,,1.2,1.0,,,,,,3,3,0.2,4,,,,,,,,0.9991,50,,,,,wbit,wbit,1,396.00,0.83,11,1,66,1308,
B_noise,,,,1.2,1.0,,,,,,3,3,0.2,4,,,,,,,,0.9990,50,,,,,wbit,wbit,1,648.00,0.83,18,1,67,1309,
B_noise,,,,1.2,1.0,,,,,,3,3,0.2,4,,,,,,,,0.9991,50,,,,,wbit,wbit,1,396.00,0.83,11,1,68,1310,
B_noise,,,,1.2,1.0,,,,,,3,3,0.2,4,,,,,,,,0.9992,50,,,,,wbit,wbit,1,432.00,0.83,12,1,69,1311,
B_noise,,,,1.2,1.0,,,,,,3,3,0.2,4,,,,,,,,0.9993,50,,,,,wbit,wbit,1,432.00,0.83,12,1,70,1312,
B_noise,,,,1.2,1.0,,,,,,3,3,0.2,4,,,,,,,,0.9994,50,,,,,wbit,wbit,1,396.00,0.83,11,1,71,1313,
B_noise,,,,1.2,1.0,,,,,,3,3,0.2,4,,,,,,,,0.9994,50,,,,,wbit,wbit,1,396.00,0.83,11,1,72,1314,
B_noise,,,,1.2,1.0,,,,,,3,3,0.2,4,,,,,,,,0.9991,50,,,,,wbit,wbit,1,396.00,0.83,11,1,73,1315,
B_noise,,,,1.2,1.0,,,,,,3,3,0.2,4,,,,,,,,0.9991,50,,,,,wbit,wbit,1,396.00,0.83,11,1,74,1316,
B_noise,,,,1.2,1.0,,,,,,3,3,0.2,4,,,,,,,,0.9991,50,,,,,wbit,wbit,1,396.00,0.83,11,1,75,1317,
B_noise,,,,1.2,1.0,,,,,,3,3,0.2,4,,,,,,,,0.9993,50,,,,,wbit,wbit,1,468.00,0.83,13,1,76,1318,
B_noise,,,,1.2,1.0,,,,,,3,3,0.2,4,,,,,,,,0.9991,50,,,,,wbit,wbit,1,396.00,0.83,11,1,77,1319,
B_noise,,,,1.2,1.0,,,,,,3,3,0.2,4,,,,,,,,0.9991,50,,,,,wbit,wbit,1,396.00,0.83,11,1,78,1320,
B_noise,,,,1.2,1.0,,,,,,3,3,0.2,4,,,,,,,,0.9991,50,,,,,wbit,wbit,1,396.00,0.83,11,1,79,1321,
B_noise,,,,1.2,1.0,,,,,,3,3,0.2,4,,,,,,,,0.9991,50,,,,,wbit,wbit,1,396.00,0.83,11,1,80,1322,
B_noise,,,,1.2,1.0,,,,,,3,3,0.2,4,,,,,,,,0.9991,50,,,,,wbit,wbit,1,396.00,0.83,11,1,81,1323,
B_noise,,,,1.2,1.0,,,,,,3,3,0.2,4,,,,,,,,0.9992,50,,,,,wbit,wbit,1,360.00,0.83,10,1,82,1324,
B_noise,,,,1.2,1.0,,,,,,3,3,0.2,4,,,,,,,,0.9992,50,,,,,wbit,wbit,1,360.00,0.83,10,1,83,1325,
B_noise,,,,1.2,1.0,,,,,,3,3,0.2,4,,,,,,,,0.9992,50,,,,,wbit,wbit,1,432.00,0.83,12,1,84,1326,
B_noise,,,,1.2,1.0,,,,,,3,3,0.2,4,,,,,,,,0.9992,50,,,,,wbit,wbit,1,432.00,0.83,12,1,85,1327,
B_noise,,,,1.2,1.0,,,,,,3,3,0.2,4,,,,,,,,0.9990,50,,,,,wbit,wbit,1,720.00,0.83,20,1,86,1328,
B_noise,,,,1.2,1.0,,,,,,3,3,0.2,4,,,,,,,,0.9992,50,,,,,wbit,wbit,1,396.00,0.83,11,1,87,1329,
B_noise,,,,1.2,1.0,,,,,,3,3,0.2,4,,,,,,,,0.9991,50,,,,,wbit,wbit,1,396.00,0.83,11,1,88,1330,
B_noise,,,,1.2,1.0,,,,,,3,3,0.2,4,,,,,,,,0.9991,50,,,,,wbit,wbit,1,396.00,0.83,11,1,89,1331,
B_noise,,,,1.2,1.0,,,,,,3,3,0.2,4,,,,,,,,0.9992,50,,,,,wbit,wbit,1,396.00,0.83,11,1,90,1332,
B_noise,,,,1.2,1.0,,,,,,3,3,0.2,4,,,,,,,,0.9991,50,,,,,wbit,wbit,1,396.00,0.83,11,1,91,1333,
B_noise,,,,1.2,1.0,,,,,,3,3,0.2,4,,,,,,,,0.9990,50,,,,,wbit,wbit,1,396.00,0.83,11,1,92,1334,
B_noise,,,,1.2,1.0,,,,,,3,3,0.2,4,,,,,,,,0.9992,50,,,,,wbit,wbit,1,396.00,0.83,11,1,93,1335,
B_noise,,,,1.2,1.0,,,,,,3,3,0.2,4,,,,,,,,0.9991,50,,,,,wbit,wbit,1,396.00,0.83,11,1,94,1336,
B_noise,,,,1.2,1.0,,,,,,3,3,0.2,4,,,,,,,,0.9990,50,,,,,wbit,wbit,1,468.00,0.83,13,1,95,1337,
B_noise,,,,1.2,1.0,,,,,,3,3,0.2,4,,,,,,,,0.9992,50,,,,,wbit,wbit,1,360.00,0.83,10,1,96,1338,
B_noise,,,,1.2,1.0,,,,,,3,3,0.2,4,,,,,,,,0.9990,50,,,,,wbit,wbit,1,720.00,0.83,20,1,97,1339,
B_noise,,,,1.2,1.0,,,,,,3,3,0.2,4,,,,,,,,0.9992,50,,,,,wbit,wbit,1,360.00,0.83,10,1,98,1340,
B_noise,,,,1.2,1.0,,,,,,3,3,0.2,4,,,,,,,,0.9992,50,,,,,wbit,wbit,1,360.00,0.83,10,1,99,1341,
B_noise,,,,1.3,1.0,,,,,,3,3,0.2,4,,,,,,,,0.9995,50,,,,,wbit,wbit,1,864.00,0.77,24,1,0,1342,
B_noise,,,,1.3,1.0,,,,,,3,3,0.2,4,,,,,,,,0.9991,50,,,,,wbit,wbit,1,396.00,0.77,11,1,1,1343,
B_noise,,,,1.3,1.0,,,,,,3,3,0.2,4,,,,,,,,0.9991,50,,,,,wbit,wbit,1,432.00,0.77,12,1,2,1344,
B_noise,,,,1.3,1.0,,,,,,3,3,0.2,4,,,,,,,,0.9995,50,,,,,wbit,wbit,1,432.00,0.77,12,1,3,1345,
B_noise,,,,1.3,1.0,,,,,,3,3,0.2,4,,,,,,,,0.9989,50,,,,,wbit,wbit,1,468.00,0.77,13,1,4,1346,
B_noise,,,,1.3,1.0,,,,,,3,3,0.2,4,,,,,,,,0.9992,50,,,,,wbit,wbit,1,360.00,0.77,10,1,5,1347,
B_noise,,,,1.3,1.0,,,,,,3,3,0.2,4,,,,,,,,0.9992,50,,,,,wbit,wbit,1,612.00,0.77,17,1,6,1348,
B_noise,,,,1.3,1.0,,,,,,3,3,0.2,4,,,,,,,,0.9994,50,,,,,wbit,wbit,1,432.00,0.77,12,1,7,1349,
B_noise,,,,1.3,1.0,,,,,,3,3,0.2,4,,,,,,,,0.9990,50,,,,,wbit,wbit,1,396.00,0.77,11,1,8,1350,
B_noise,,,,1.3,1.0,,,,,,3,3,0.2,4,,,,,,,,0.9991,50,,,,,wbit,wbit,1,648.00,0.77,18,1,9,1351,
B_noise,,,,1.3,1.0,,,,,,3,3,0.2,4,,,,,,,,0.9991,50,,,,,wbit,wbit,1,396.00,0.77,11,1,10,1352,
B_noise,,,,1.3,1.0,,,,,,3,3,0.2,4,,,,,,,,0.9992,50,,,,,wbit,wbit,1,468.00,0.77,13,1,11,1353,
B_noise,,,,1.3,1.0,,,,,,3,3,0.2,4,,,,,,,,0.9992,50,,,,,wbit,wbit,1,360.00,0.77,10,1,12,1354,
B_noise,,,,1.3,1.0,,,,,,3,3,0.2,4,,,,,,,,0.9991,50,,,,,wbit,wbit,1,432.00,0.77,12,1,13,1355,
B_noise,,,,1.3,1.0,,,,,,3,3,0.2,4,,,,,,,,0.9991,50,,,,,wbit,wbit,1,396.00,0.77,11,1,14,1356,
B_noise,,,,1.3,1.0,,,,,,3,3,0.2,4,,,,,,,,0.9992,50,,,,,wbit,wbit,1,612.00,0.77,17,1,15,1357,
B_noise,,,,1.3,1.0,,,,,,3,3,0.2,4,,,,,,,,0.9992,50,,,,,wbit,wbit,1,432.00,0.77,12,1,16,1358,
B_noise,,,,1.3,1.0,,,,,,3,3,0.2,4,,,,,,,,0.9991,50,,,,,wbit,wbit,1,396.00,0.77,11,1,17,1359,
B_noise,,,,1.3,1.0,,,,,,3,3,0.2,4,,,,,,,,0.9992,50,,,,,wbit,wbit,1,396.00,0.77,11,1,18,1360,
B_noise,,,,1.3,1.0,,,,,,3,3,0.2,4,,,,,,,,0.9543,50,,,,,wbit,wbit,1,396.00,0.77,11,1,19,1361,
B_noise,,,,1.3,1.0,,,,,,3,3,0.2,4,,,,,,,,0.9991,50,,,,,wbit,wbit,1,396.00,0.77,11,1,20,1362,
B_noise,,,,1.3,1.0,,,,,,3,3,0.2,4,,,,,,,,0.9992,50,,,,,wbit,wbit,1,360.00,0.77,10,1,21,1363,
B_noise,,,,1.3,1.0,,,,,,3,3,0.2,4,,,,,,,,0.9991,50,,,,,wbit,wbit,1,432.00,0.77,12,1,22,1364,
B_noise,,,,1.3,1.0,,,,,,3,3,0.2,4,,,,,,,,0.9992,50,,,,,wbit,wbit,1,360.00,0.77,10,1,23,1365,
B_noise,,,,1.3,1.0,,,,,,3,3,0.2,4,,,,,,,,0.9993,50,,,,,wbit,wbit,1,396.00,0.77,11,1,24,1366,
B_noise,,,,1.3,1.0,,,,,,3,3,0.2,4,,,,,,,,0.9992,50,,,,,wbit,wbit,1,360.00,0.77,10,1,25,1367,
B_noise,,,,1.3,1.0,,,,,,3,3,0.2,4,,,,,,,,0.9993,50,,,,,wbit,wbit,1,432.00,0.77,12,1,26,1368,
B_noise,,,,1.3,1.0,,,,,,3,3,0.2,4,,,,,,,,0.9990,50,,,,,wbit,wbit,1,756.00,0.77,21,1,27,1369,
B_noise,,,,1.3,1.0,,,,,,3,3,0.2,4,,,,,,,,0.9990,50,,,,,wbit,wbit,1,612.00,0.77,17,1,28,1370,
B_noise,,,,1.3,1.0,,,,,,3,3,0.2,4,,,,,,,,0.9990,50,,,,,wbit,wbit,1,396.00,0.77,11,1,29,1371,
B_noise,,,,1.3,1.0,,,,,,3,3,0.2,4,,,,,,,,0.9990,50,,,,,wbit,wbit,1,432.00,0.77,12,1,30,1372,
B_noise,,,,1.3,1.0,,,,,,3,3,0.2,4,,,,,,,,0.9992,50,,,,,wbit,wbit,1,396.00,0.77,11,1,31,1373,
B_noise,,,,1.3,1.0,,,,,,3,3,0.2,4,,,,,,,,0.9990,50,,,,,wbit,wbit,1,648.00,0.77,18,1,32,1374,
B_noise,,,,1.3,1.0,,,,,,3,3,0.2,4,,,,,,,,0.9991,50,,,,,wbit,wbit,1,396.00,0.77,11,1,33,1375,
B_noise,,,,1.3,1.0,,,,,,3,3,0.2,4,,,,,,,,0.9995,50,,,,,wbit,wbit,1,432.00,0.77,12,1,34,1376,
B_noise,,,,1.3,1.0,,,,,,3,3,0.2,4,,,,,,,,0.9993,50,,,,,wbit,wbit,1,432.00,0.77,12,1,35,1377,
B_noise,,,,1.3,1.0,,,,,,3,3,0.2,4,,,,,,,,0.9991,50,,,,,wbit,wbit,1,432.00,0.77,12,1,36,1378,
B_noise,,,,1.3,1.0,,,,,,3,3,0.2,4,,,,,,,,0.9991,50,,,,,wbit,wbit,1,360.00,0.77,10,1,37,1379,
B_noise,,,,1.3,1.0,,,,,,3,3,0.2,4,,,,,,,,0.9991,50,,,,,wbit,wbit,1,396.00,0.77,11,1,38,1380,
B_noise,,,,1.3,1.0,,,,,,3,3,0.2,4,,,,,,,,0.9991,50,,,,,wbit,wbit,1,396.00,0.77,11,1,39,1381,
B_noise,,,,1.3,1.0,,,,,,3,3,0.2,4,,,,,,,,0.9991,50,,,,,wbit,wbit,1,360.00,0.77,10,1,40,1382,
B_noise,,,,1.3,1.0,,,,,,3,3,0.2,4,,,,,,,,0.9992,50,,,,,wbit,wbit,1,360.00,0.77,10,1,41,1383,
B_noise,,,,1.3,1.0,,,,,,3,3,0.2,4,,,,,,,,0.9995,50,,,,,wbit,wbit,1,468.00,0.77,13,1,42,1384,
B_noise,,,,1.3,1.0,,,,,,3,3,0.2,4,,,,,,,,0.9992,50,,,,,wbit,wbit,1,432.00,0.77,12,1,43,1385,
B_noise,,,,1.3,1.0,,,,,,3,3,0.2,4,,,,,,,,0.9992,50,,,,,wbit,wbit,1,684.00,0.77,19,1,44,1386,
B_noise,,,,1.3,1.0,,,,,,3,3,0.2,4,,,,,,,,0.9993,50,,,,,wbit,wbit,1,432.00,0.77,12,1,45,1387,
B_noise,,,,1.3,1.0,,,,,,3,3,0.2,4,,,,,,,,0.9991,50,,,,,wbit,wbit,1,396.00,0.77,11,1,46,1388,
B_noise,,,,1.3,1.0,,,,,,3,3,0.2,4,,,,,,,,0.9995,50,,,,,wbit,wbit,1,612.00,0.77,17,1,47,1389,
B_noise,,,,1.3,1.0,,,,,,3,3,0.2,4,,,,,,,,0.9990,50,,,,,wbit,wbit,1,360.00,0.77,10,1,48,1390,
B_noise,,,,1.3,1.0,,,,,,3,3,0.2,4,,,,,,,,0.9991,50,,,,,wbit,wbit,1,396.00,0.77,11,1,49,1391,
B_noise,,,,1.3,1.0,,,,,,3,3,0.2,4,,,,,,,,0.9990,50,,,,,wbit,wbit,1,396.00,0.77,11,1,50,1392,
B_noise,,,,1.3,1.0,,,,,,3,3,0.2,4,,,,,,,,0.9993,50,,,,,wbit,wbit,1,432.00,0.77,12,1,51,1393,
B_noise,,,,1.3,1.0,,,,,,3,3,0.2,4,,,,,,,,0.9992,50,,,,,wbit,wbit,1,468.00,0.77,13,1,52,1394,
B_noise,,,,1.3,1.0,,,,,,3,3,0.2,4,,,,,,,,0.9994,50,,,,,wbit,wbit,1,432.00,0.77,12,1,53,1395,
B_noise,,,,1.3,1.0,,,,,,3,3,0.2,4,,,,,,,,0.9991,50,,,,,wbit,wbit,1,396.00,0.77,11,1,54,1396,
B_noise,,,,1.3,1.0,,,,,,3,3,0.2,4,,,,,,,,0.9921,50,,,,,wbit,wbit,1,324.00,0.77,9,1,55,1397,
B_noise,,,,1.3,1.0,,,,,,3,3,0.2,4,,,,,,,,0.9936,50,,,,,wbit,wbit,1,324.00,0.77,9,1,56,1398,
B_noise,,,,1.3,1.0,,,,,,3,3,0.2,4,,,,,,,,0.9994,50,,,,,wbit,wbit,1,828.00,0.77,23,1,57,1399,
B_noise,,,,1.3,1.0,,,,,,3,3,0.2,4,,,,,,,,0.9991,50,,,,,wbit,wbit,1,468.00,0.77,13,1,58,1400,
B_noise,,,,1.3,1.0,,,,,,3,3,0.2,4,,,,,,,,0.9992,50,,,,,wbit,wbit,1,360.00,0.77,10,1,59,1401,
B_noise,,,,1.3,1.0,,,,,,3,3,0.2,4,,,,,,,,0.9993,50,,,,,wbit,wbit,1,396.00,0.77,11,1,60,1402,
B_noise,,,,1.3,1.0,,,,,,3,3,0.2,4,,,,,,,,0.9993,50,,,,,wbit,wbit,1,792.00,0.77,22,1,61,1403,
B_noise,,,,1.3,1.0,,,,,,3,3,0.2,4,,,,,,,,0.9992,50,,,,,wbit,wbit,1,396.00,0.77,11,1,62,1404,
B_noise,,,,1.3,1.0,,,,,,3,3,0.2,4,,,,,,,,0.9991,50,,,,,wbit,wbit,1,396.00,0.77,11,1,63,1405,
B_noise,,,,1.3,1.0,,,,,,3,3,0.2,4,,,,,,,,0.9993,50,,,,,wbit,wbit,1,432.00,0.77,12,1,64,1406,
B_noise,,,,1.3,1.0,,,,,,3,3,0.2,4,,,,,,,,0.9991,50,,,,,wbit,wbit,1,396.00,0.77,11,1,65,1407,
B_noise,,,,1.3,1.0,,,,,,3,3,0.2,4,,,,,,,,0.9991,50,,,,,wbit,wbit,1,396.00,0.77,11,1,66,1408,
B_noise,,,,1.3,1.0,,,,,,3,3,0.2,4,,,,,,,,0.9992,50,,,,,wbit,wbit,1,360.00,0.77,10,1,67,1409,
B_noise,,,,1.3,1.0,,,,,,3,3,0.2,4,,,,,,,,0.9990,50,,,,,wbit,wbit,1,360.00,0.77,10,1,68,1410,
B_noise,,,,1.3,1.0,,,,,,3,3,0.2,4,,,,,,,,0.9991,50,,,,,wbit,wbit,1,432.00,0.77,12,1,69,1411,
B_noise,,,,1.3,1.0,,,,,,3,3,0.2,4,,,,,,,,0.9991,50,,,,,wbit,wbit,1,432.00,0.77,12,1,70,1412,
B_noise,,,,1.3,1.0,,,,,,3,3,0.2,4,,,,,,,,0.9991,50,,,,,wbit,wbit,1,396.00,0.77,11,1,71,1413,
B_noise,,,,1.3,1.0,,,,,,3,3,0.2,4,,,,,,,,0.9990,50,,,,,wbit,wbit,1,432.00,0.77,12,1,72,1414,
B_noise,,,,1.3,1.0,,,,,,3,3,0.2,4,,,,,,,,0.9991,50,,,,,wbit,wbit,1,396.00,0.77,11,1,73,1415,
B_noise,,,,1.3,1.0,,,,,,3,3,0.2,4,,,,,,,,0.9991,50,,,,,wbit,wbit,1,360.00,0.77,10,1,74,1416,
B_noise,,,,1.3,1.0,,,,,,3,3,0.2,4,,,,,,,,0.9987,50,,,,,wbit,wbit,1,504.00,0.77,14,1,75,1417,
B_noise,,,,1.3,1.0,,,,,,3,3,0.2,4,,,,,,,,0.9993,50,,,,,wbit,wbit,1,396.00,0.77,11,1,76,1418,
B_noise,,,,1.3,1.0,,,,,,3,3,0.2,4,,,,,,,,0.9991,50,,,,,wbit,wbit,1,396.00,0.77,11,1,77,1419,
B_noise,,,,1.3,1.0,,,,,,3,3,0.2,4,,,,,,,,0.9992,50,,,,,wbit,wbit,1,360.00,0.77,10,1,78,1420,
B_noise,,,,1.3,1.0,,,,,,3,3,0.2,4,,,,,,,,0.9992,50,,,,,wbit,wbit,1,432.00,0.77,12,1,79,1421,
B_noise,,,,1.3,1.0,,,,,,3,3,0.2,4,,,,,,,,0.9994,50,,,,,wbit,wbit,1,432.00,0.77,12,1,80,1422,
B_noise,,,,1.3,1.0,,,,,,3,3,0.2,4,,,,,,,,0.9991,50,,,,,wbit,wbit,1,396.00,0.77,11,1,81,1423,
B_noise,,,,1.3,1.0,,,,,,3,3,0.2,4,,,,,,,,0.9990,50,,,,,wbit,wbit,1,396.00,0.77,11,1,82,1424,
B_noise,,,,1.3,1.0,,,,,,3,3,0.2,4,,,,,,,,0.9991,50,,,,,wbit,wbit,1,360.00,0.77,10,1,83,1425,
B_noise,,,,1.3,1.0,,,,,,3,3,0.2,4,,,,,,,,0.9992,50,,,,,wbit,wbit,1,360.00,0.77,10,1,84,1426,
B_noise,,,,1.3,1.0,,,,,,3,3,0.2,4,,,,,,,,0.9988,50,,,,,wbit,wbit,1,396.00,0.77,11,1,85,1427,
B_noise,,,,1.3,1.0,,,,,,3,3,0.2,4,,,,,,,,0.9991,50,,,,,wbit,wbit,1,396.00,0.77,11,1,86,1428,
B_noise,,,,1.3,1.0,,,,,,3,3,0.2,4,,,,,,,,0.9991,50,,,,,wbit,wbit,1,396.00,0.77,11,1,87,1429,
B_noise,,,,1.3,1.0,,,,,,3,3,0.2,4,,,,,,,,0.9992,50,,,,,wbit,wbit,1,396.00,0.77,11,1,88,1430,
B_noise,,,,1.3,1.0,,,,,,3,3,0.2,4,,,,,,,,0.9991,50,,,,,wbit,wbit,1,396.00,0.77,11,1,89,1431,
B_noise,,,,1.3,1.0,,,,,,3,3,0.2,4,,,,,,,,0.9993,50,,,,,wbit,wbit,1,396.00,0.77,11,1,90,1432,
B_noise,,,,1.3,1.0,,,,,,3,3,0.2,4,,,,,,,,0.9992,50,,,,,wbit,wbit,1,396.00,0.77,11,1,91,1433,
B_noise,,,,1.3,1.0,,,,,,3,3,0.2,4,,,,,,,,0.9992,50,,,,,wbit,wbit,1,504.00,0.77,14,1,92,1434,
B_noise,,,,1.3,1.0,,,,,,3,3,0.2,4,,,,,,,,0.9994,50,,,,,wbit,wbit,1,504.00,0.77,14,1,93,1435,
B_noise,,,,1.3,1.0,,,,,,3,3,0.2,4,,,,,,,,0.9991,50,,,,,wbit,wbit,1,360.00,0.77,10,1,94,1436,
B_noise,,,,1.3,1.0,,,,,,3,3,0.2,4,,,,,,,,0.9992,50,,,,,wbit,wbit,1,360.00,0.77,10,1,95,1437,
B_noise,,,,1.3,1.0,,,,,,3,3,0.2,4,,,,,,,,0.9991,50,,,,,wbit,wbit,1,396.00,0.77,11,1,96,1438,
B_noise,,,,1.3,1.0,,,,,,3,3,0.2,4,,,,,,,,0.9991,50,,,,,wbit,wbit,1,396.00,0.77,11,1,97,1439,
B_noise,,,,1.3,1.0,,,,,,3,3,0.2,4,,,,,,,,0.9995,50,,,,,wbit,wbit,1,432.00,0.77,12,1,98,1440,
B_noise,,,,1.3,1.0,,,,,,3,3,0.2,4,,,,,,,,0.9991,50,,,,,wbit,wbit,1,396.00,0.77,11,1,99,1441,
B_noise,,,,1.4,1.0,,,,,,3,3,0.2,4,,,,,,,,0.9991,50,,,,,wbit,wbit,1,432.00,0.71,12,1,0,1442,
B_noise,,,,1.4,1.0,,,,,,3,3,0.2,4,,,,,,,,0.9990,50,,,,,wbit,wbit,1,432.00,0.71,12,1,1,1443,
B_noise,,,,1.4,1.0,,,,,,3,3,0.2,4,,,,,,,,0.9986,50,,,,,wbit,wbit,1,396.00,0.71,11,1,2,1444,
B_noise,,,,1.4,1.0,,,,,,3,3,0.2,4,,,,,,,,0.9995,50,,,,,wbit,wbit,1,396.00,0.71,11,1,3,1445,
B_noise,,,,1.4,1.0,,,,,,3,3,0.2,4,,,,,,,,0.9991,50,,,,,wbit,wbit,1,396.00,0.71,11,1,4,1446,
B_noise,,,,1.4,1.0,,,,,,3,3,0.2,4,,,,,,,,0.9991,50,,,,,wbit,wbit,1,468.00,0.71,13,1,5,1447,
B_noise,,,,1.4,1.0,,,,,,3,3,0.2,4,,,,,,,,0.9994,50,,,,,wbit,wbit,1,432.00,0.71,12,1,6,1448,
B_noise,,,,1.4,1.0,,,,,,3,3,0.2,4,,,,,,,,0.9993,50,,,,,wbit,wbit,1,432.00,0.71,12,1,7,1449,
B_noise,,,,1.4,1.0,,,,,,3,3,0.2,4,,,,,,,,0.9993,50,,,,,wbit,wbit,1,432.00,0.71,12,1,8,1450,
B_noise,,,,1.4,1.0,,,,,,3,3,0.2,4,,,,,,,,0.9992,50,,,,,wbit,wbit,1,396.00,0.71,11,1,9,1451,
B_noise,,,,1.4,1.0,,,,,,3,3,0.2,4,,,,,,,,0.9994,50,,,,,wbit,wbit,1,684.00,0.71,19,1,10,1452,
B_noise,,,,1.4,1.0,,,,,,3,3,0.2,4,,,,,,,,0.9991,50,,,,,wbit,wbit,1,396.00,0.71,11,1,11,1453,
B_noise,,,,1.4,1.0,,,,,,3,3,0.2,4,,,,,,,,0.9992,50,,,,,wbit,wbit,1,468.00,0.71,13,1,12,1454,
B_noise,,,,1.4,1.0,,,,,,3,3,0.2,4,,,,,,,,0.9991,50,,,,,wbit,wbit,1,360.00,0.71,10,1,13,1455,
B_noise,,,,1.4,1.0,,,,,,3,3,0.2,4,,,,,,,,0.9995,50,,,,,wbit,wbit,1,396.00,0.71,11,1,14,1456,
B_noise,,,,1.4,1.0,,,,,,3,3,0.2,4,,,,,,,,0.9991,50,,,,,wbit,wbit,1,396.00,0.71,11,1,15,1457,
B_noise,,,,1.4,1.0,,,,,,3,3,0.2,4,,,,,,,,0.9992,50,,,,,wbit,wbit,1,432.00,0.71,12,1,16,1458,
B_noise,,,,1.4,1.0,,,,,,3,3,0.2,4,,,,,,,,0.9994,50,,,,,wbit,wbit,1,504.00,0.71,14,1,17,1459,
B_noise,,,,1.4,1.0,,,,,,3,3,0.2,4,,,,,,,,0.9992,50,,,,,wbit,wbit,1,360.00,0.71,10,1,18,1460,
B_noise,,,,1.4,1.0,,,,,,3,3,0.2,4,,,,,,,,0.9994,50,,,,,wbit,wbit,1,432.00,0.71,12,1,19,1461,
B_noise,,,,1.4,1.0,,,,,,3,3,0.2,4,,,,,,,,0.9995,50,,,,,wbit,wbit,1,396.00,0.71,11,1,20,1462,
B_noise,,,,1.4,1.0,,,,,,3,3,0.2,4,,,,,,,,0.9989,50,,,,,wbit,wbit,1,396.00,0.71,11,1,21,1463,
B_noise,,,,1.4,1.0,,,,,,3,3,0.2,4,,,,,,,,0.9989,50,,,,,wbit,wbit,1,360.00,0.71,10,1,22,1464,
B_noise,,,,1.4,1.0,,,,,,3,3,0.2,4,,,,,,,,0.9993,50,,,,,wbit,wbit,1,468.00,0.71,13,1,23,1465,
B_noise,,,,1.4,1.0,,,,,,3,3,0.2,4,,,,,,,,0.9991,50,,,,,wbit,wbit,1,396.00,0.71,11,1,24,1466,
B_noise,,,,1.4,1.0,,,,,,3,3,0.2,4,,,,,,,,0.9992,50,,,,,wbit,wbit,1,612.00,0.71,17,1,25,1467,
B_noise,,,,1.4,1.0,,,,,,3,3,0.2,4,,,,,,,,0.9994,50,,,,,wbit,wbit,1,468.00,0.71,13,1,26,1468,
B_noise,,,,1.4,1.0,,,,,,3,3,0.2,4,,,,,,,,0.9992,50,,,,,wbit,wbit,1,468.00,0.71,13,1,27,1469,
B_noise,,,,1.4,1.0,,,,,,3,3,0.2,4,,,,,,,,0.9991,50,,,,,wbit,wbit,1,396.00,0.71,11,1,28,1470,
B_noise,,,,1.4,1.0,,,,,,3,3,0.2,4,,,,,,,,0.9991,50,,,,,wbit,wbit,1,396.00,0.71,11,1,29,1471,
B_noise,,,,1.4,1.0,,,,,,3,3,0.2,4,,,,,,,,0.9991,50,,,,,wbit,wbit,1,396.00,0.71,11,1,30,1472,
B_noise,,,,1.4,1.0,,,,,,3,3,0.2,4,,,,,,,,0.9993,50,,,,,wbit,wbit,1,612.00,0.71,17,1,31,1473,
B_noise,,,,1.4,1.0,,,,,,3,3,0.2,4,,,,,,,,0.9991,50,,,,,wbit,wbit,1,396.00,0.71,11,1,32,1474,
B_noise,,,,1.4,1.0,,,,,,3,3,0.2,4,,,,,,,,0.9994,50,,,,,wbit,wbit,1,756.00,0.71,21,1,33,1475,
B_noise,,,,1.4,1.0,,,,,,3,3,0.2,4,,,,,,,,0.9990,50,,,,,wbit,wbit,1,396.00,0.71,11,1,34,1476,
B_noise,,,,1.4,1.0,,,,,,3,3,0.2,4,,,,,,,,0.9991,50,,,,,wbit,wbit,1,540.00,0.71,15,1,35,1477,
B_noise,,,,1.4,1.0,,,,,,3,3,0.2,4,,,,,,,,0.9992,50,,,,,wbit,wbit,1,360.00,0.71,10,1,36,1478,
B_noise,,,,1.4,1.0,,,,,,3,3,0.2,4,,,,,,,,0.9990,50,,,,,wbit,wbit,1,396.00,0.71,11,1,37,1479,
B_noise,,,,1.4,1.0,,,,,,3,3,0.2,4,,,,,,,,0.9992,50,,,,,wbit,wbit,1,432.00,0.71,12,1,38,1480,
B_noise,,,,1.4,1.0,,,,,,3,3,0.2,4,,,,,,,,0.9992,50,,,,,wbit,wbit,1,396.00,0.71,11,1,39,1481,
B_noise,,,,1.4,1.0,,,,,,3,3,0.2,4,,,,,,,,0.9990,50,,,,,wbit,wbit,1,396.00,0.71,11,1,40,1482,
B_noise,,,,1.4,1.0,,,,,,3,3,0.2,4,,,,,,,,0.9985,50,,,,,wbit,wbit,1,396.00,0.71,11,1,41,1483,
B_noise,,,,1.4,1.0,,,,,,3,3,0.2,4,,,,,,,,0.9991,50,,,,,wbit,wbit,1,396.00,0.71,11,1,42,1484,
B_noise,,,,1.4,1.0,,,,,,3,3,0.2,4,,,,,,,,0.9991,50,,,,,wbit,wbit,1,396.00,0.71,11,1,43,1485,
B_noise,,,,1.4,1.0,,,,,,3,3,0.2,4,,,,,,,,0.9990,50,,,,,wbit,wbit,1,792.00,0.71,22,1,44,1486,
B_noise,,,,1.4,1.0,,,,,,3,3,0.2,4,,,,,,,,0.9995,50,,,,,wbit,wbit,1,396.00,0.71,11,1,45,1487,
B_noise,,,,1.4,1.0,,,,,,3,3,0.2,4,,,,,,,,0.9995,50,,,,,wbit,wbit,1,504.00,0.71,14,1,46,1488,
B_noise,,,,1.4,1.0,,,,,,3,3,0.2,4,,,,,,,,0.9991,50,,,,,wbit,wbit,1,648.00,0.71,18,1,47,1489,
B_noise,,,,1.4,1.0,,,,,,3,3,0.2,4,,,,,,,,0.9994,50,,,,,wbit,wbit,1,540.00,0.71,15,1,48,1490,
B_noise,,,,1.4,1.0,,,,,,3,3,0.2,4,,,,,,,,0.9992,50,,,,,wbit,wbit,1,360.00,0.71,10,1,49,1491,
B_noise,,,,1.4,1.0,,,,,,3,3,0.2,4,,,,,,,,0.9994,50,,,,,wbit,wbit,1,468.00,0.71,13,1,50,1492,
B_noise,,,,1.4,1.0,,,,,,3,3,0.2,4,,,,,,,,0.9994,50,,,,,wbit,wbit,1,432.00,0.71,12,1,51,1493,
B_noise,,,,1.4,1.0,,,,,,3,3,0.2,4,,,,,,,,0.9994,50,,,,,wbit,wbit,1,468.00,0.71,13,1,52,1494,
B_noise,,,,1.4,1.0,,,,,,3,3,0.2,4,,,,,,,,0.9991,50,,,,,wbit,wbit,1,360.00,0.71,10,1,53,1495,
B_noise,,,,1.4,1.0,,,,,,3,3,0.2,4,,,,,,,,0.9991,50,,,,,wbit,wbit,1,396.00,0.71,11,1,54,1496,
B_noise,,,,1.4,1.0,,,,,,3,3,0.2,4,,,,,,,,0.9991,50,,,,,wbit,wbit,1,792.00,0.71,22,1,55,1497,
B_noise,,,,1.4,1.0,,,,,,3,3,0.2,4,,,,,,,,0.9992,50,,,,,wbit,wbit,1,504.00,0.71,14,1,56,1498,
B_noise,,,,1.4,1.0,,,,,,3,3,0.2,4,,,,,,,,0.9994,50,,,,,wbit,wbit,1,396.00,0.71,11,1,57,1499,
B_noise,,,,1.4,1.0,,,,,,3,3,0.2,4,,,,,,,,0.9991,50,,,,,wbit,wbit,1,396.00,0.71,11,1,58,1500,
B_noise,,,,1.4,1.0,,,,,,3,3,0.2,4,,,,,,,,0.9991,50,,,,,wbit,wbit,1,396.00,0.71,11,1,59,1501,
B_noise,,,,1.4,1.0,,,,,,3,3,0.2,4,,,,,,,,0.9991,50,,,,,wbit,wbit,1,396.00,0.71,11,1,60,1502,
B_noise,,,,1.4,1.0,,,,,,3,3,0.2,4,,,,,,,,0.9991,50,,,,,wbit,wbit,1,396.00,0.71,11,1,61,1503,
B_noise,,,,1.4,1.0,,,,,,3,3,0.2,4,,,,,,,,0.9993,50,,,,,wbit,wbit,1,396.00,0.71,11,1,62,1504,
B_noise,,,,1.4,1.0,,,,,,3,3,0.2,4,,,,,,,,0.9994,50,,,,,wbit,wbit,1,432.00,0.71,12,1,63,1505,
B_noise,,,,1.4,1.0,,,,,,3,3,0.2,4,,,,,,,,0.9994,50,,,,,wbit,wbit,1,540.00,0.71,15,1,64,1506,
B_noise,,,,1.4,1.0,,,,,,3,3,0.2,4,,,,,,,,0.9991,50,,,,,wbit,wbit,1,396.00,0.71,11,1,65,1507,
B_noise,,,,1.4,1.0,,,,,,3,3,0.2,4,,,,,,,,0.9991,50,,,,,wbit,wbit,1,396.00,0.71,11,1,66,1508,
B_noise,,,,1.4,1.0,,,,,,3,3,0.2,4,,,,,,,,0.9994,50,,,,,wbit,wbit,1,432.00,0.71,12,1,67,1509,
B_noise,,,,1.4,1.0,,,,,,3,3,0.2,4,,,,,,,,0.9992,50,,,,,wbit,wbit,1,684.00,0.71,19,1,68,1510,
B_noise,,,,1.4,1.0,,,,,,3,3,0.2,4,,,,,,,,0.9990,50,,,,,wbit,wbit,1,396.00,0.71,11,1,69,1511,
B_noise,,,,1.4,1.0,,,,,,3,3,0.2,4,,,,,,,,0.9991,50,,,,,wbit,wbit,1,612.00,0.71,17,1,70,1512,
B_noise,,,,1.4,1.0,,,,,,3,3,0.2,4,,,,,,,,0.9994,50,,,,,wbit,wbit,1,540.00,0.71,15,1,71,1513,
B_noise,,,,1.4,1.0,,,,,,3,3,0.2,4,,,,,,,,0.9995,50,,,,,wbit,wbit,1,432.00,0.71,12,1,72,1514,
B_noise,,,,1.4,1.0,,,,,,3,3,0.2,4,,,,,,,,0.9992,50,,,,,wbit,wbit,1,396.00,0.71,11,1,73,1515,
B_noise,,,,1.4,1.0,,,,,,3,3,0.2,4,,,,,,,,0.9993,50,,,,,wbit,wbit,1,540.00,0.71,15,1,74,1516,
B_noise,,,,1.4,1.0,,,,,,3,3,0.2,4,,,,,,,,0.9992,50,,,,,wbit,wbit,1,396.00,0.71,11,1,75,1517,
B_noise,,,,1.4,1.0,,,,,,3,3,0.2,4,,,,,,,,0.9995,50,,,,,wbit,wbit,1,684.00,0.71,19,1,76,1518,
B_noise,,,,1.4,1.0,,,,,,3,3,0.2,4,,,,,,,,0.9995,50,,,,,wbit,wbit,1,396.00,0.71,11,1,77,1519,
B_noise,,,,1.4,1.0,,,,,,3,3,0.2,4,,,,,,,,0.9991,50,,,,,wbit,wbit,1,432.00,0.71,12,1,78,1520,
B_noise,,,,1.4,1.0,,,,,,3,3,0.2,4,,,,,,,,0.9993,50,,,,,wbit,wbit,1,432.00,0.71,12,1,79,1521,
B_noise,,,,1.4,1.0,,,,,,3,3,0.2,4,,,,,,,,0.9991,50,,,,,wbit,wbit,1,396.00,0.71,11,1,80,1522,
B_noise,,,,1.4,1.0,,,,,,3,3,0.2,4,,,,,,,,0.9991,50,,,,,wbit,wbit,1,396.00,0.71,11,1,81,1523,
B_noise,,,,1.4,1.0,,,,,,3,3,0.2,4,,,,,,,,0.9991,50,,,,,wbit,wbit,1,720.00,0.71,20,1,82,1524,
B_noise,,,,1.4,1.0,,,,,,3,3,0.2,4,,,,,,,,0.9993,50,,,,,wbit,wbit,1,540.00,0.71,15,1,83,1525,
B_noise,,,,1.4,1.0,,,,,,3,3,0.2,4,,,,,,,,0.9990,50,,,,,wbit,wbit,1,396.00,0.71,11,1,84,1526,
B_noise,,,,1.4,1.0,,,,,,3,3,0.2,4,,,,,,,,0.9994,50,,,,,wbit,wbit,1,504.00,0.71,14,1,85,1527,
B_noise,,,,1.4,1.0,,,,,,3,3,0.2,4,,,,,,,,0.9991,50,,,,,wbit,wbit,1,396.00,0.71,11,1,86,1528,
B_noise,,,,1.4,1.0,,,,,,3,3,0.2,4,,,,,,,,0.9995,50,,,,,wbit,wbit,1,576.00,0.71,16,1,87,1529,
B_noise,,,,1.4,1.0,,,,,,3,3,0.2,4,,,,,,,,0.9991,50,,,,,wbit,wbit,1,360.00,0.71,10,1,88,1530,
B_noise,,,,1.4,1.0,,,,,,3,3,0.2,4,,,,,,,,0.9991,50,,,,,wbit,wbit,1,396.00,0.71,11,1,89,1531,
B_noise,,,,1.4,1.0,,,,,,3,3,0.2,4,,,,,,,,0.9993,50,,,,,wbit,wbit,1,432.00,0.71,12,1,90,1532,
B_noise,,,,1.4,1.0,,,,,,3,3,0.2,4,,,,,,,,0.9991,50,,,,,wbit,wbit,1,396.00,0.71,11,1,91,1533,
B_noise,,,,1.4,1.0,,,,,,3,3,0.2,4,,,,,,,,0.9991,50,,,,,wbit,wbit,1,396.00,0.71,11,1,92,1534,
B_noise,,,,1.4,1.0,,,,,,3,3,0.2,4,,,,,,,,0.9992,50,,,,,wbit,wbit,1,360.00,0.71,10,1,93,1535,
B_noise,,,,1.4,1.0,,,,,,3,3,0.2,4,,,,,,,,0.9992,50,,,,,wbit,wbit,1,360.00,0.71,10,1,94,1536,
B_noise,,,,1.4,1.0,,,,,,3,3,0.2,4,,,,,,,,0.9993,50,,,,,wbit,wbit,1,396.00,0.71,11,1,95,1537,
B_noise,,,,1.4,1.0,,,,,,3,3,0.2,4,,,,,,,,0.9991,50,,,,,wbit,wbit,1,468.00,0.71,13,1,96,1538,
B_noise,,,,1.4,1.0,,,,,,3,3,0.2,4,,,,,,,,0.9992,50,,,,,wbit,wbit,1,360.00,0.71,10,1,97,1539,
B_noise,,,,1.4,1.0,,,,,,3,3,0.2,4,,,,,,,,0.9994,50,,,,,wbit,wbit,1,432.00,0.71,12,1,98,1540,
B_noise,,,,1.4,1.0,,,,,,3,3,0.2,4,,,,,,,,0.9988,50,,,,,wbit,wbit,1,360.00,0.71,10,1,99,1541,
B_noise,,,,1.5,1.0,,,,,,3,3,0.2,4,,,,,,,,0.9995,50,,,,,wbit,wbit,1,828.00,0.67,23,1,0,1542,
B_noise,,,,1.5,1.0,,,,,,3,3,0.2,4,,,,,,,,0.9991,50,,,,,wbit,wbit,1,684.00,0.67,19,1,1,1543,
B_noise,,,,1.5,1.0,,,,,,3,3,0.2,4,,,,,,,,0.9991,50,,,,,wbit,wbit,1,396.00,0.67,11,1,2,1544,
B_noise,,,,1.5,1.0,,,,,,3,3,0.2,4,,,,,,,,0.9994,50,,,,,wbit,wbit,1,540.00,0.67,15,1,3,1545,
B_noise,,,,1.5,1.0,,,,,,3,3,0.2,4,,,,,,,,0.9993,50,,,,,wbit,wbit,1,432.00,0.67,12,1,4,1546,
B_noise,,,,1.5,1.0,,,,,,3,3,0.2,4,,,,,,,,0.9991,50,,,,,wbit,wbit,1,432.00,0.67,12,1,5,1547,
B_noise,,,,1.5,1.0,,,,,,3,3,0.2,4,,,,,,,,0.9988,50,,,,,wbit,wbit,1,396.00,0.67,11,1,6,1548,
B_noise,,,,1.5,1.0,,,,,,3,3,0.2,4,,,,,,,,0.9993,50,,,,,wbit,wbit,1,468.00,0.67,13,1,7,1549,
B_noise,,,,1.5,1.0,,,,,,3,3,0.2,4,,,,,,,,0.9992,50,,,,,wbit,wbit,1,576.00,0.67,16,1,8,1550,
B_noise,,,,1.5,1.0,,,,,,3,3,0.2,4,,,,,,,,0.9992,50,,,,,wbit,wbit,1,468.00,0.67,13,1,9,1551,
B_noise,,,,1.5,1.0,,,,,,3,3,0.2,4,,,,,,,,0.9994,50,,,,,wbit,wbit,1,468.00,0.67,13,1,10,1552,
B_noise,,,,1.5,1.0,,,,,,3,3,0.2,4,,,,,,,,0.9991,50,,,,,wbit,wbit,1,360.00,0.67,10,1,11,1553,
B_noise,,,,1.5,1.0,,,,,,3,3,0.2,4,,,,,,,,0.9991,50,,,,,wbit,wbit,1,396.00,0.67,11,1,12,1554,
B_noise,,,,1.5,1.0,,,,,,3,3,0.2,4,,,,,,,,0.9993,50,,,,,wbit,wbit,1,396.00,0.67,11,1,13,1555,
B_noise,,,,1.5,1.0,,,,,,3,3,0.2,4,,,,,,,,0.9992,50,,,,,wbit,wbit,1,576.00,0.67,16,1,14,1556,
B_noise,,,,1.5,1.0,,,,,,3,3,0.2,4,,,,,,,,0.9991,50,,,,,wbit,wbit,1,504.00,0.67,14,1,15,1557,
B_noise,,,,1.5,1.0,,,,,,3,3,0.2,4,,,,,,,,0.9993,50,,,,,wbit,wbit,1,432.00,0.67,12,1,16,1558,
B_noise,,,,1.5,1.0,,,,,,3,3,0.2,4,,,,,,,,0.9991,50,,,,,wbit,wbit,1,396.00,0.67,11,1,17,1559,
B_noise,,,,1.5,1.0,,,,,,3,3,0.2,4,,,,,,,,0.9991,50,,,,,wbit,wbit,1,396.00,0.67,11,1,18,1560,
B_noise,,,,1.5,1.0,,,,,,3,3,0.2,4,,,,,,,,0.9991,50,,,,,wbit,wbit,1,396.00,0.67,11,1,19,1561,
B_noise,,,,1.5,1.0,,,,,,3,3,0.2,4,,,,,,,,0.9991,50,,,,,wbit,wbit,1,432.00,0.67,12,1,20,1562,
B_noise,,,,1.5,1.0,,,,,,3,3,0.2,4,,,,,,,,0.9992,50,,,,,wbit,wbit,1,432.00,0.67,12,1,21,1563,
B_noise,,,,1.5,1.0,,,,,,3,3,0.2,4,,,,,,,,0.9990,50,,,,,wbit,wbit,1,396.00,0.67,11,1,22,1564,
B_noise,,,,1.5,1.0,,,,,,3,3,0.2,4,,,,,,,,0.9991,50,,,,,wbit,wbit,1,432.00,0.67,12,1,23,1565,
B_noise,,,,1.5,1.0,,,,,,3,3,0.2,4,,,,,,,,0.9993,50,,,,,wbit,wbit,1,576.00,0.67,16,1,24,1566,
B_noise,,,,1.5,1.0,,,,,,3,3,0.2,4,,,,,,,,0.9992,50,,,,,wbit,wbit,1,468.00,0.67,13,1,25,1567,
B_noise,,,,1.5,1.0,,,,,,3,3,0.2,4,,,,,,,,0.9990,50,,,,,wbit,wbit,1,360.00,0.67,10,1,26,1568,
B_noise,,,,1.5,1.0,,,,,,3,3,0.2,4,,,,,,,,0.9991,50,,,,,wbit,wbit,1,396.00,0.67,11,1,27,1569,
B_noise,,,,1.5,1.0,,,,,,3,3,0.2,4,,,,,,,,0.9995,50,,,,,wbit,wbit,1,468.00,0.67,13,1,28,1570,
B_noise,,,,1.5,1.0,,,,,,3,3,0.2,4,,,,,,,,0.9991,50,,,,,wbit,wbit,1,396.00,0.67,11,1,29,1571,
B_noise,,,,1.5,1.0,,,,,,3,3,0.2,4,,,,,,,,0.9991,50,,,,,wbit,wbit,1,396.00,0.67,11,1,30,1572,
B_noise,,,,1.5,1.0,,,,,,3,3,0.2,4,,,,,,,,0.9993,50,,,,,wbit,wbit,1,468.00,0.67,13,1,31,1573,
B_noise,,,,1.5,1.0,,,,,,3,3,0.2,4,,,,,,,,0.9992,50,,,,,wbit,wbit,1,936.00,0.67,26,1,32,1574,
B_noise,,,,1.5,1.0,,,,,,3,3,0.2,4,,,,,,,,0.9991,50,,,,,wbit,wbit,1,396.00,0.67,11,1,33,1575,
B_noise,,,,1.5,1.0,,,,,,3,3,0.2,4,,,,,,,,0.9991,50,,,,,wbit,wbit,1,396.00,0.67,11,1,34,1576,
B_noise,,,,1.5,1.0,,,,,,3,3,0.2,4,,,,,,,,0.9991,50,,,,,wbit,wbit,1,396.00,0.67,11,1,35,1577,
B_noise,,,,1.5,1.0,,,,,,3,3,0.2,4,,,,,,,,0.9992,50,,,,,wbit,wbit,1,684.00,0.67,19,1,36,1578,
B_noise,,,,1.5,1.0,,,,,,3,3,0.2,4,,,,,,,,0.9992,50,,,,,wbit,wbit,1,540.00,0.67,15,1,37,1579,
B_noise,,,,1.5,1.0,,,,,,3,3,0.2,4,,,,,,,,0.9990,50,,,,,wbit,wbit,1,612.00,0.67,17,1,38,1580,
B_noise,,,,1.5,1.0,,,,,,3,3,0.2,4,,,,,,,,0.9991,50,,,,,wbit,wbit,1,396.00,0.67,11,1,39,1581,
B_noise,,,,1.5,1.0,,,,,,3,3,0.2,4,,,,,,,,0.9994,50,,,,,wbit,wbit,1,396.00,0.67,11,1,40,1582,
B_noise,,,,1.5,1.0,,,,,,3,3,0.2,4,,,,,,,,0.9992,50,,,,,wbit,wbit,1,360.00,0.67,10,1,41,1583,
B_noise,,,,1.5,1.0,,,,,,3,3,0.2,4,,,,,,,,0.9991,50,,,,,wbit,wbit,1,360.00,0.67,10,1,42,1584,
B_noise,,,,1.5,1.0,,,,,,3,3,0.2,4,,,,,,,,0.9992,50,,,,,wbit,wbit,1,504.00,0.67,14,1,43,1585,
B_noise,,,,1.5,1.0,,,,,,3,3,0.2,4,,,,,,,,0.9992,50,,,,,wbit,wbit,1,360.00,0.67,10,1,44,1586,
B_noise,,,,1.5,1.0,,,,,,3,3,0.2,4,,,,,,,,0.9993,50,,,,,wbit,wbit,1,576.00,0.67,16,1,45,1587,
B_noise,,,,1.5,1.0,,,,,,3,3,0.2,4,,,,,,,,0.9992,50,,,,,wbit,wbit,1,396.00,0.67,11,1,46,1588,
B_noise,,,,1.5,1.0,,,,,,3,3,0.2,4,,,,,,,,0.9995,50,,,,,wbit,wbit,1,396.00,0.67,11,1,47,1589,
B_noise,,,,1.5,1.0,,,,,,3,3,0.2,4,,,,,,,,0.9995,50,,,,,wbit,wbit,1,468.00,0.67,13,1,48,1590,
B_noise,,,,1.5,1.0,,,,,,3,3,0.2,4,,,,,,,,0.9991,50,,,,,wbit,wbit,1,432.00,0.67,12,1,49,1591,
B_noise,,,,1.5,1.0,,,,,,3,3,0.2,4,,,,,,,,0.9991,50,,,,,wbit,wbit,1,396.00,0.67,11,1,50,1592,
B_noise,,,,1.5,1.0,,,,,,3,3,0.2,4,,,,,,,,0.9991,50,,,,,wbit,wbit,1,396.00,0.67,11,1,51,1593,
B_noise,,,,1.5,1.0,,,,,,3,3,0.2,4,,,,,,,,0.9995,50,,,,,wbit,wbit,1,432.00,0.67,12,1,52,1594,
B_noise,,,,1.5,1.0,,,,,,3,3,0.2,4,,,,,,,,0.9991,50,,,,,wbit,wbit,1,468.00,0.67,13,1,53,1595,
B_noise,,,,1.5,1.0,,,,,,3,3,0.2,4,,,,,,,,0.9995,50,,,,,wbit,wbit,1,432.00,0.67,12,1,54,1596,
B_noise,,,,1.5,1.0,,,,,,3,3,0.2,4,,,,,,,,0.9991,50,,,,,wbit,wbit,1,432.00,0.67,12,1,55,1597,
B_noise,,,,1.5,1.0,,,,,,3,3,0.2,4,,,,,,,,0.9989,50,,,,,wbit,wbit,1,396.00,0.67,11,1,56,1598,
B_noise,,,,1.5,1.0,,,,,,3,3,0.2,4,,,,,,,,0.9991,50,,,,,wbit,wbit,1,684.00,0.67,19,1,57,1599,
B_noise,,,,1.5,1.0,,,,,,3,3,0.2,4,,,,,,,,0.9992,50,,,,,wbit,wbit,1,360.00,0.67,10,1,58,1600,
B_noise,,,,1.5,1.0,,,,,,3,3,0.2,4,,,,,,,,0.9990,50,,,,,wbit,wbit,1,432.00,0.67,12,1,59,1601,
B_noise,,,,1.5,1.0,,,,,,3,3,0.2,4,,,,,,,,0.9991,50,,,,,wbit,wbit,1,576.00,0.67,16,1,60,1602,
B_noise,,,,1.5,1.0,,,,,,3,3,0.2,4,,,,,,,,0.9993,50,,,,,wbit,wbit,1,396.00,0.67,11,1,61,1603,
B_noise,,,,1.5,1.0,,,,,,3,3,0.2,4,,,,,,,,0.9993,50,,,,,wbit,wbit,1,468.00,0.67,13,1,62,1604,
B_noise,,,,1.5,1.0,,,,,,3,3,0.2,4,,,,,,,,0.9995,50,,,,,wbit,wbit,1,432.00,0.67,12,1,63,1605,
B_noise,,,,1.5,1.0,,,,,,3,3,0.2,4,,,,,,,,0.9992,50,,,,,wbit,wbit,1,360.00,0.67,10,1,64,1606,
B_noise,,,,1.5,1.0,,,,,,3,3,0.2,4,,,,,,,,0.9994,50,,,,,wbit,wbit,1,396.00,0.67,11,1,65,1607,
B_noise,,,,1.5,1.0,,,,,,3,3,0.2,4,,,,,,,,0.9993,50,,,,,wbit,wbit,1,468.00,0.67,13,1,66,1608,
B_noise,,,,1.5,1.0,,,,,,3,3,0.2,4,,,,,,,,0.9992,50,,,,,wbit,wbit,1,540.00,0.67,15,1,67,1609,
B_noise,,,,1.5,1.0,,,,,,3,3,0.2,4,,,,,,,,0.9992,50,,,,,wbit,wbit,1,396.00,0.67,11,1,68,1610,
B_noise,,,,1.5,1.0,,,,,,3,3,0.2,4,,,,,,,,0.9993,50,,,,,wbit,wbit,1,720.00,0.67,20,1,69,1611,
B_noise,,,,1.5,1.0,,,,,,3,3,0.2,4,,,,,,,,0.9989,50,,,,,wbit,wbit,1,540.00,0.67,15,1,70,1612,
B_noise,,,,1.5,1.0,,,,,,3,3,0.2,4,,,,,,,,0.9994,50,,,,,wbit,wbit,1,432.00,0.67,12,1,71,1613,
B_noise,,,,1.5,1.0,,,,,,3,3,0.2,4,,,,,,,,0.9994,50,,,,,wbit,wbit,1,648.00,0.67,18,1,72,1614,
B_noise,,,,1.5,1.0,,,,,,3,3,0.2,4,,,,,,,,0.9991,50,,,,,wbit,wbit,1,396.00,0.67,11,1,73,1615,
B_noise,,,,1.5,1.0,,,,,,3,3,0.2,4,,,,,,,,0.9993,50,,,,,wbit,wbit,1,396.00,0.67,11,1,74,1616,
B_noise,,,,1.5,1.0,,,,,,3,3,0.2,4,,,,,,,,0.9995,50,,,,,wbit,wbit,1,540.00,0.67,15,1,75,1617,
B_noise,,,,1.5,1.0,,,,,,3,3,0.2,4,,,,,,,,0.9991,50,,,,,wbit,wbit,1,540.00,0.67,15,1,76,1618,
B_noise,,,,1.5,1.0,,,,,,3,3,0.2,4,,,,,,,,0.9995,50,,,,,wbit,wbit,1,540.00,0.67,15,1,77,1619,
B_noise,,,,1.5,1.0,,,,,,3,3,0.2,4,,,,,,,,0.9991,50,,,,,wbit,wbit,1,396.00,0.67,11,1,78,1620,
B_noise,,,,1.5,1.0,,,,,,3,3,0.2,4,,,,,,,,0.9995,50,,,,,wbit,wbit,1,432.00,0.67,12,1,79,1621,
B_noise,,,,1.5,1.0,,,,,,3,3,0.2,4,,,,,,,,0.9991,50,,,,,wbit,wbit,1,396.00,0.67,11,1,80,1622,
B_noise,,,,1.5,1.0,,,,,,3,3,0.2,4,,,,,,,,0.9981,50,,,,,wbit,wbit,1,396.00,0.67,11,1,81,1623,
B_noise,,,,1.5,1.0,,,,,,3,3,0.2,4,,,,,,,,0.9992,50,,,,,wbit,wbit,1,360.00,0.67,10,1,82,1624,
B_noise,,,,1.5,1.0,,,,,,3,3,0.2,4,,,,,,,,0.9993,50,,,,,wbit,wbit,1,432.00,0.67,12,1,83,1625,
B_noise,,,,1.5,1.0,,,,,,3,3,0.2,4,,,,,,,,0.9994,50,,,,,wbit,wbit,1,504.00,0.67,14,1,84,1626,
B_noise,,,,1.5,1.0,,,,,,3,3,0.2,4,,,,,,,,0.9993,50,,,,,wbit,wbit,1,828.00,0.67,23,1,85,1627,
B_noise,,,,1.5,1.0,,,,,,3,3,0.2,4,,,,,,,,0.9993,50,,,,,wbit,wbit,1,504.00,0.67,14,1,86,1628,
B_noise,,,,1.5,1.0,,,,,,3,3,0.2,4,,,,,,,,0.9992,50,,,,,wbit,wbit,1,360.00,0.67,10,1,87,1629,
B_noise,,,,1.5,1.0,,,,,,3,3,0.2,4,,,,,,,,0.9961,50,,,,,wbit,wbit,1,360.00,0.67,10,1,88,1630,
B_noise,,,,1.5,1.0,,,,,,3,3,0.2,4,,,,,,,,0.9991,50,,,,,wbit,wbit,1,396.00,0.67,11,1,89,1631,
B_noise,,,,1.5,1.0,,,,,,3,3,0.2,4,,,,,,,,0.9993,50,,,,,wbit,wbit,1,756.00,0.67,21,1,90,1632,
B_noise,,,,1.5,1.0,,,,,,3,3,0.2,4,,,,,,,,0.9991,50,,,,,wbit,wbit,1,396.00,0.67,11,1,91,1633,
B_noise,,,,1.5,1.0,,,,,,3,3,0.2,4,,,,,,,,0.9992,50,,,,,wbit,wbit,1,576.00,0.67,16,1,92,1634,
B_noise,,,,1.5,1.0,,,,,,3,3,0.2,4,,,,,,,,0.9995,50,,,,,wbit,wbit,1,756.00,0.67,21,1,93,1635,
B_noise,,,,1.5,1.0,,,,,,3,3,0.2,4,,,,,,,,0.9983,50,,,,,wbit,wbit,1,792.00,0.67,22,1,94,1636,
B_noise,,,,1.5,1.0,,,,,,3,3,0.2,4,,,,,,,,0.9992,50,,,,,wbit,wbit,1,540.00,0.67,15,1,95,1637,
B_noise,,,,1.5,1.0,,,,,,3,3,0.2,4,,,,,,,,0.9993,50,,,,,wbit,wbit,1,576.00,0.67,16,1,96,1638,
B_noise,,,,1.5,1.0,,,,,,3,3,0.2,4,,,,,,,,0.9993,50,,,,,wbit,wbit,1,612.00,0.67,17,1,97,1639,
B_noise,,,,1.5,1.0,,,,,,3,3,0.2,4,,,,,,,,0.9993,50,,,,,wbit,wbit,1,504.00,0.67,14,1,98,1640,
B_noise,,,,1.5,1.0,,,,,,3,3,0.2,4,,,,,,,,0.9992,50,,,,,wbit,wbit,1,360.00,0.67,10,1,99,1641,
B_noise,,,,1.6,1.0,,,,,,3,3,0.2,4,,,,,,,,0.9994,50,,,,,wbit,wbit,1,504.00,0.62,14,1,0,1642,
B_noise,,,,1.6,1.0,,,,,,3,3,0.2,4,,,,,,,,0.9990,50,,,,,wbit,wbit,1,396.00,0.62,11,1,1,1643,
B_noise,,,,1.6,1.0,,,,,,3,3,0.2,4,,,,,,,,0.9995,50,,,,,wbit,wbit,1,900.00,0.62,25,1,2,1644,
B_noise,,,,1.6,1.0,,,,,,3,3,0.2,4,,,,,,,,0.9995,50,,,,,wbit,wbit,1,468.00,0.62,13,1,3,1645,
B_noise,,,,1.6,1.0,,,,,,3,3,0.2,4,,,,,,,,0.9993,50,,,,,wbit,wbit,1,504.00,0.62,14,1,4,1646,
B_noise,,,,1.6,1.0,,,,,,3,3,0.2,4,,,,,,,,0.9994,50,,,,,wbit,wbit,1,504.00,0.62,14,1,5,1647,
B_noise,,,,1.6,1.0,,,,,,3,3,0.2,4,,,,,,,,0.9994,50,,,,,wbit,wbit,1,468.00,0.62,13,1,6,1648,
B_noise,,,,1.6,1.0,,,,,,3,3,0.2,4,,,,,,,,0.9992,50,,,,,wbit,wbit,1,360.00,0.62,10,1,7,1649,
B_noise,,,,1.6,1.0,,,,,,3,3,0.2,4,,,,,,,,0.9991,50,,,,,wbit,wbit,1,396.00,0.62,11,1,8,1650,
B_noise,,,,1.6,1.0,,,,,,3,3,0.2,4,,,,,,,,0.9994,50,,,,,wbit,wbit,1,612.00,0.62,17,1,9,1651,
B_noise,,,,1.6,1.0,,,,,,3,3,0.2,4,,,,,,,,0.9992,50,,,,,wbit,wbit,1,1008.00,0.62,28,1,10,1652,
B_noise,,,,1.6,1.0,,,,,,3,3,0.2,4,,,,,,,,0.9995,50,,,,,wbit,wbit,1,576.00,0.62,16,1,11,1653,
B_noise,,,,1.6,1.0,,,,,,3,3,0.2,4,,,,,,,,0.9989,50,,,,,wbit,wbit,1,396.00,0.62,11,1,12,1654,
B_noise,,,,1.6,1.0,,,,,,3,3,0.2,4,,,,,,,,0.9990,50,,,,,wbit,wbit,1,360.00,0.62,10,1,13,1655,
B_noise,,,,1.6,1.0,,,,,,3,3,0.2,4,,,,,,,,0.9993,50,,,,,wbit,wbit,1,396.00,0.62,11,1,14,1656,
B_noise,,,,1.6,1.0,,,,,,3,3,0.2,4,,,,,,,,0.9995,50,,,,,wbit,wbit,1,684.00,0.62,19,1,15,1657,
B_noise,,,,1.6,1.0,,,,,,3,3,0.2,4,,,,,,,,0.9994,50,,,,,wbit,wbit,1,432.00,0.62,12,1,16,1658,
B_noise,,,,1.6,1.0,,,,,,3,3,0.2,4,,,,,,,,0.9991,50,,,,,wbit,wbit,1,396.00,0.62,11,1,17,1659,
B_noise,,,,1.6,1.0,,,,,,3,3,0.2,4,,,,,,,,0.9992,50,,,,,wbit,wbit,1,360.00,0.62,10,1,18,1660,
B_noise,,,,1.6,1.0,,,,,,3,3,0.2,4,,,,,,,,0.9994,50,,,,,wbit,wbit,1,576.00,0.62,16,1,19,1661,
B_noise,,,,1.6,1.0,,,,,,3,3,0.2,4,,,,,,,,0.9991,50,,,,,wbit,wbit,1,396.00,0.62,11,1,20,1662,
B_noise,,,,1.6,1.0,,,,,,3,3,0.2,4,,,,,,,,0.9993,50,,,,,wbit,wbit,1,756.00,0.62,21,1,21,1663,
B_noise,,,,1.6,1.0,,,,,,3,3,0.2,4,,,,,,,,0.9995,50,,,,,wbit,wbit,1,612.00,0.62,17,1,22,1664,
B_noise,,,,1.6,1.0,,,,,,3,3,0.2,4,,,,,,,,0.9990,50,,,,,wbit,wbit,1,468.00,0.62,13,1,23,1665,
B_noise,,,,1.6,1.0,,,,,,3,3,0.2,4,,,,,,,,0.9992,50,,,,,wbit,wbit,1,828.00,0.62,23,1,24,1666,
B_noise,,,,1.6,1.0,,,,,,3,3,0.2,4,,,,,,,,0.9991,50,,,,,wbit,wbit,1,504.00,0.62,14,1,25,1667,
B_noise,,,,1.6,1.0,,,,,,3,3,0.2,4,,,,,,,,0.9995,50,,,,,wbit,wbit,1,576.00,0.62,16,1,26,1668,
B_noise,,,,1.6,1.0,,,,,,3,3,0.2,4,,,,,,,,0.9994,50,,,,,wbit,wbit,1,396.00,0.62,11,1,27,1669,
B_noise,,,,1.6,1.0,,,,,,3,3,0.2,4,,,,,,,,0.9995,50,,,,,wbit,wbit,1,576.00,0.62,16,1,28,1670,
B_noise,,,,1.6,1.0,,,,,,3,3,0.2,4,,,,,,,,0.9991,50,,,,,wbit,wbit,1,396.00,0.62,11,1,29,1671,
B_noise,,,,1.6,1.0,,,,,,3,3,0.2,4,,,,,,,,0.9992,50,,,,,wbit,wbit,1,360.00,0.62,10,1,30,1672,
B_noise,,,,1.6,1.0,,,,,,3,3,0.2,4,,,,,,,,0.9990,50,,,,,wbit,wbit,1,720.00,0.62,20,1,31,1673,
B_noise,,,,1.6,1.0,,,,,,3,3,0.2,4,,,,,,,,0.9993,50,,,,,wbit,wbit,1,396.00,0.62,11,1,32,1674,
B_noise,,,,1.6,1.0,,,,,,3,3,0.2,4,,,,,,,,0.9992,50,,,,,wbit,wbit,1,468.00,0.62,13,1,33,1675,
B_noise,,,,1.6,1.0,,,,,,3,3,0.2,4,,,,,,,,0.9995,50,,,,,wbit,wbit,1,504.00,0.62,14,1,34,1676,
B_noise,,,,1.6,1.0,,,,,,3,3,0.2,4,,,,,,,,0.9993,50,,,,,wbit,wbit,1,504.00,0.62,14,1,35,1677,
B_noise,,,,1.6,1.0,,,,,,3,3,0.2,4,,,,,,,,0.9991,50,,,,,wbit,wbit,1,432.00,0.62,12,1,36,1678,
B_noise,,,,1.6,1.0,,,,,,3,3,0.2,4,,,,,,,,0.9990,50,,,,,wbit,wbit,1,540.00,0.62,15,1,37,1679,
B_noise,,,,1.6,1.0,,,,,,3,3,0.2,4,,,,,,,,0.9995,50,,,,,wbit,wbit,1,684.00,0.62,19,1,38,1680,
B_noise,,,,1.6,1.0,,,,,,3,3,0.2,4,,,,,,,,0.9991,50,,,,,wbit,wbit,1,396.00,0.62,11,1,39,1681,
B_noise,,,,1.6,1.0,,,,,,3,3,0.2,4,,,,,,,,0.9991,50,,,,,wbit,wbit,1,540.00,0.62,15,1,40,1682,
B_noise,,,,1.6,1.0,,,,,,3,3,0.2,4,,,,,,,,0.9995,50,,,,,wbit,wbit,1,468.00,0.62,13,1,41,1683,
B_noise,,,,1.6,1.0,,,,,,3,3,0.2,4,,,,,,,,0.9992,50,,,,,wbit,wbit,1,504.00,0.62,14,1,42,1684,
B_noise,,,,1.6,1.0,,,,,,3,3,0.2,4,,,,,,,,0.9992,50,,,,,wbit,wbit,1,684.00,0.62,19,1,43,1685,
B_noise,,,,1.6,1.0,,,,,,3,3,0.2,4,,,,,,,,0.9995,50,,,,,wbit,wbit,1,612.00,0.62,17,1,44,1686,
B_noise,,,,1.6,1.0,,,,,,3,3,0.2,4,,,,,,,,0.9993,50,,,,,wbit,wbit,1,468.00,0.62,13,1,45,1687,
B_noise,,,,1.6,1.0,,,,,,3,3,0.2,4,,,,,,,,0.9991,50,,,,,wbit,wbit,1,684.00,0.62,19,1,46,1688,
B_noise,,,,1.6,1.0,,,,,,3,3,0.2,4,,,,,,,,0.9974,50,,,,,wbit,wbit,1,396.00,0.62,11,1,47,1689,
B_noise,,,,1.6,1.0,,,,,,3,3,0.2,4,,,,,,,,0.9991,50,,,,,wbit,wbit,1,612.00,0.62,17,1,48,1690,
B_noise,,,,1.6,1.0,,,,,,3,3,0.2,4,,,,,,,,0.9993,50,,,,,wbit,wbit,1,468.00,0.62,13,1,49,1691,
B_noise,,,,1.6,1.0,,,,,,3,3,0.2,4,,,,,,,,0.9991,50,,,,,wbit,wbit,1,360.00,0.62,10,1,50,1692,
B_noise,,,,1.6,1.0,,,,,,3,3,0.2,4,,,,,,,,0.9993,50,,,,,wbit,wbit,1,540.00,0.62,15,1,51,1693,
B_noise,,,,1.6,1.0,,,,,,3,3,0.2,4,,,,,,,,0.9994,50,,,,,wbit,wbit,1,432.00,0.62,12,1,52,1694,
B_noise,,,,1.6,1.0,,,,,,3,3,0.2,4,,,,,,,,0.9993,50,,,,,wbit,wbit,1,432.00,0.62,12,1,53,1695,
B_noise,,,,1.6,1.0,,,,,,3,3,0.2,4,,,,,,,,0.9849,50,,,,,wbit,wbit,1,324.00,0.62,9,1,54,1696,
B_noise,,,,1.6,1.0,,,,,,3,3,0.2,4,,,,,,,,0.9993,50,,,,,wbit,wbit,1,720.00,0.62,20,1,55,1697,
B_noise,,,,1.6,1.0,,,,,,3,3,0.2,4,,,,,,,,0.9992,50,,,,,wbit,wbit,1,396.00,0.62,11,1,56,1698,
B_noise,,,,1.6,1.0,,,,,,3,3,0.2,4,,,,,,,,0.9991,50,,,,,wbit,wbit,1,396.00,0.62,11,1,57,1699,
B_noise,,,,1.6,1.0,,,,,,3,3,0.2,4,,,,,,,,0.9991,50,,,,,wbit,wbit,1,396.00,0.62,11,1,58,1700,
B_noise,,,,1.6,1.0,,,,,,3,3,0.2,4,,,,,,,,0.9991,50,,,,,wbit,wbit,1,396.00,0.62,11,1,59,1701,
B_noise,,,,1.6,1.0,,,,,,3,3,0.2,4,,,,,,,,0.9990,50,,,,,wbit,wbit,1,396.00,0.62,11,1,60,1702,
B_noise,,,,1.6,1.0,,,,,,3,3,0.2,4,,,,,,,,0.9994,50,,,,,wbit,wbit,1,468.00,0.62,13,1,61,1703,
B_noise,,,,1.6,1.0,,,,,,3,3,0.2,4,,,,,,,,0.9990,50,,,,,wbit,wbit,1,720.00,0.62,20,1,62,1704,
B_noise,,,,1.6,1.0,,,,,,3,3,0.2,4,,,,,,,,0.9992,50,,,,,wbit,wbit,1,360.00,0.62,10,1,63,1705,
B_noise,,,,1.6,1.0,,,,,,3,3,0.2,4,,,,,,,,0.9990,50,,,,,wbit,wbit,1,468.00,0.62,13,1,64,1706,
B_noise,,,,1.6,1.0,,,,,,3,3,0.2,4,,,,,,,,0.9993,50,,,,,wbit,wbit,1,612.00,0.62,17,1,65,1707,
B_noise,,,,1.6,1.0,,,,,,3,3,0.2,4,,,,,,,,0.9992,50,,,,,wbit,wbit,1,396.00,0.62,11,1,66,1708,
B_noise,,,,1.6,1.0,,,,,,3,3,0.2,4,,,,,,,,0.9992,50,,,,,wbit,wbit,1,360.00,0.62,10,1,67,1709,
B_noise,,,,1.6,1.0,,,,,,3,3,0.2,4,,,,,,,,0.9991,50,,,,,wbit,wbit,1,576.00,0.62,16,1,68,1710,
B_noise,,,,1.6,1.0,,,,,,3,3,0.2,4,,,,,,,,0.9991,50,,,,,wbit,wbit,1,396.00,0.62,11,1,69,1711,
B_noise,,,,1.6,1.0,,,,,,3,3,0.2,4,,,,,,,,0.9994,50,,,,,wbit,wbit,1,468.00,0.62,13,1,70,1712,
B_noise,,,,1.6,1.0,,,,,,3,3,0.2,4,,,,,,,,0.9994,50,,,,,wbit,wbit,1,432.00,0.62,12,1,71,1713,
B_noise,,,,1.6,1.0,,,,,,3,3,0.2,4,,,,,,,,0.9994,50,,,,,wbit,wbit,1,432.00,0.62,12,1,72,1714,
B_noise,,,,1.6,1.0,,,,,,3,3,0.2,4,,,,,,,,0.9991,50,,,,,wbit,wbit,1,396.00,0.62,11,1,73,1715,
B_noise,,,,1.6,1.0,,,,,,3,3,0.2,4,,,,,,,,0.9990,50,,,,,wbit,wbit,1,360.00,0.62,10,1,74,1716,
B_noise,,,,1.6,1.0,,,,,,3,3,0.2,4,,,,,,,,0.9994,50,,,,,wbit,wbit,1,684.00,0.62,19,1,75,1717,
B_noise,,,,1.6,1.0,,,,,,3,3,0.2,4,,,,,,,,0.9995,50,,,,,wbit,wbit,1,648.00,0.62,18,1,76,1718,
B_noise,,,,1.6,1.0,,,,,,3,3,0.2,4,,,,,,,,0.9991,50,,,,,wbit,wbit,1,432.00,0.62,12,1,77,1719,
B_noise,,,,1.6,1.0,,,,,,3,3,0.2,4,,,,,,,,0.9991,50,,,,,wbit,wbit,1,396.00,0.62,11,1,78,1720,
B_noise,,,,1.6,1.0,,,,,,3,3,0.2,4,,,,,,,,0.9993,50,,,,,wbit,wbit,1,504.00,0.62,14,1,79,1721,
B_noise,,,,1.6,1.0,,,,,,3,3,0.2,4,,,,,,,,0.9993,50,,,,,wbit,wbit,1,432.00,0.62,12,1,80,1722,
B_noise,,,,1.6,1.0,,,,,,3,3,0.2,4,,,,,,,,0.9992,50,,,,,wbit,wbit,1,468.00,0.62,13,1,81,1723,
B_noise,,,,1.6,1.0,,,,,,3,3,0.2,4,,,,,,,,0.9993,50,,,,,wbit,wbit,1,432.00,0.62,12,1,82,1724,
B_noise,,,,1.6,1.0,,,,,,3,3,0.2,4,,,,,,,,0.9993,50,,,,,wbit,wbit,1,576.00,0.62,16,1,83,1725,
B_noise,,,,1.6,1.0,,,,,,3,3,0.2,4,,,,,,,,0.9993,50,,,,,wbit,wbit,1,828.00,0.62,23,1,84,1726,
B_noise,,,,1.6,1.0,,,,,,3,3,0.2,4,,,,,,,,0.9994,50,,,,,wbit,wbit,1,504.00,0.62,14,1,85,1727,
B_noise,,,,1.6,1.0,,,,,,3,3,0.2,4,,,,,,,,0.9994,50,,,,,wbit,wbit,1,576.00,0.62,16,1,86,1728,
B_noise,,,,1.6,1.0,,,,,,3,3,0.2,4,,,,,,,,0.9991,50,,,,,wbit,wbit,1,432.00,0.62,12,1,87,1729,
B_noise,,,,1.6,1.0,,,,,,3,3,0.2,4,,,,,,,,0.9994,50,,,,,wbit,wbit,1,396.00,0.62,11,1,88,1730,
B_noise,,,,1.6,1.0,,,,,,3,3,0.2,4,,,,,,,,0.9995,50,,,,,wbit,wbit,1,432.00,0.62,12,1,89,1731,
B_noise,,,,1.6,1.0,,,,,,3,3,0.2,4,,,,,,,,0.9991,50,,,,,wbit,wbit,1,396.00,0.62,11,1,90,1732,
B_noise,,,,1.6,1.0,,,,,,3,3,0.2,4,,,,,,,,0.9994,50,,,,,wbit,wbit,1,468.00,0.62,13,1,91,1733,
B_noise,,,,1.6,1.0,,,,,,3,3,0.2,4,,,,,,,,0.9992,50,,,,,wbit,wbit,1,468.00,0.62,13,1,92,1734,
B_noise,,,,1.6,1.0,,,,,,3,3,0.2,4,,,,,,,,0.9991,50,,,,,wbit,wbit,1,396.00,0.62,11,1,93,1735,
B_noise,,,,1.6,1.0,,,,,,3,3,0.2,4,,,,,,,,0.9992,50,,,,,wbit,wbit,1,504.00,0.62,14,1,94,1736,
B_noise,,,,1.6,1.0,,,,,,3,3,0.2,4,,,,,,,,0.9990,50,,,,,wbit,wbit,1,1224.00,0.62,34,1,95,1737,
B_noise,,,,1.6,1.0,,,,,,3,3,0.2,4,,,,,,,,0.9991,50,,,,,wbit,wbit,1,468.00,0.62,13,1,96,1738,
B_noise,,,,1.6,1.0,,,,,,3,3,0.2,4,,,,,,,,0.9991,50,,,,,wbit,wbit,1,396.00,0.62,11,1,97,1739,
B_noise,,,,1.6,1.0,,,,,,3,3,0.2,4,,,,,,,,0.9990,50,,,,,wbit,wbit,1,360.00,0.62,10,1,98,1740,
B_noise,,,,1.6,1.0,,,,,,3,3,0.2,4,,,,,,,,0.9993,50,,,,,wbit,wbit,1,432.00,0.62,12,1,99,1741,
B_noise,,,,1.7,1.0,,,,,,3,3,0.2,4,,,,,,,,0.9991,50,,,,,wbit,wbit,1,396.00,0.59,11,1,0,1742,
B_noise,,,,1.7,1.0,,,,,,3,3,0.2,4,,,,,,,,0.9994,50,,,,,wbit,wbit,1,432.00,0.59,12,1,1,1743,
B_noise,,,,1.7,1.0,,,,,,3,3,0.2,4,,,,,,,,0.9994,50,,,,,wbit,wbit,1,432.00,0.59,12,1,2,1744,
B_noise,,,,1.7,1.0,,,,,,3,3,0.2,4,,,,,,,,0.9994,50,,,,,wbit,wbit,1,576.00,0.59,16,1,3,1745,
B_noise,,,,1.7,1.0,,,,,,3,3,0.2,4,,,,,,,,0.9991,50,,,,,wbit,wbit,1,432.00,0.59,12,1,4,1746,
B_noise,,,,1.7,1.0,,,,,,3,3,0.2,4,,,,,,,,0.9993,50,,,,,wbit,wbit,1,684.00,0.59,19,1,5,1747,
B_noise,,,,1.7,1.0,,,,,,3,3,0.2,4,,,,,,,,0.9992,50,,,,,wbit,wbit,1,756.00,0.59,21,1,6,1748,
B_noise,,,,1.7,1.0,,,,,,3,3,0.2,4,,,,,,,,0.9995,50,,,,,wbit,wbit,1,576.00,0.59,16,1,7,1749,
B_noise,,,,1.7,1.0,,,,,,3,3,0.2,4,,,,,,,,0.9992,50,,,,,wbit,wbit,1,648.00,0.59,18,1,8,1750,
B_noise,,,,1.7,1.0,,,,,,3,3,0.2,4,,,,,,,,0.9995,50,,,,,wbit,wbit,1,648.00,0.59,18,1,9,1751,
B_noise,,,,1.7,1.0,,,,,,3,3,0.2,4,,,,,,,,0.9994,50,,,,,wbit,wbit,1,432.00,0.59,12,1,10,1752,
B_noise,,,,1.7,1.0,,,,,,3,3,0.2,4,,,,,,,,0.9992,50,,,,,wbit,wbit,1,432.00,0.59,12,1,11,1753,
B_noise,,,,1.7,1.0,,,,,,3,3,0.2,4,,,,,,,,0.9995,50,,,,,wbit,wbit,1,540.00,0.59,15,1,12,1754,
B_noise,,,,1.7,1.0,,,,,,3,3,0.2,4,,,,,,,,0.9994,50,,,,,wbit,wbit,1,540.00,0.59,15,1,13,1755,
B_noise,,,,1.7,1.0,,,,,,3,3,0.2,4,,,,,,,,0.9992,50,,,,,wbit,wbit,1,360.00,0.59,10,1,14,1756,
B_noise,,,,1.7,1.0,,,,,,3,3,0.2,4,,,,,,,,0.9995,50,,,,,wbit,wbit,1,720.00,0.59,20,1,15,1757,
B_noise,,,,1.7,1.0,,,,,,3,3,0.2,4,,,,,,,,0.9993,50,,,,,wbit,wbit,1,468.00,0.59,13,1,16,1758,
B_noise,,,,1.7,1.0,,,,,,3,3,0.2,4,,,,,,,,0.9991,50,,,,,wbit,wbit,1,396.00,0.59,11,1,17,1759,
B_noise,,,,1.7,1.0,,,,,,3,3,0.2,4,,,,,,,,0.9990,50,,,,,wbit,wbit,1,396.00,0.59,11,1,18,1760,
B_noise,,,,1.7,1.0,,,,,,3,3,0.2,4,,,,,,,,0.9991,50,,,,,wbit,wbit,1,360.00,0.59,10,1,19,1761,
B_noise,,,,1.7,1.0,,,,,,3,3,0.2,4,,,,,,,,0.9993,50,,,,,wbit,wbit,1,540.00,0.59,15,1,20,1762,
B_noise,,,,1.7,1.0,,,,,,3,3,0.2,4,,,,,,,,0.9995,50,,,,,wbit,wbit,1,612.00,0.59,17,1,21,1763,
B_noise,,,,1.7,1.0,,,,,,3,3,0.2,4,,,,,,,,0.9988,50,,,,,wbit,wbit,1,396.00,0.59,11,1,22,1764,
B_noise,,,,1.7,1.0,,,,,,3,3,0.2,4,,,,,,,,0.9993,50,,,,,wbit,wbit,1,576.00,0.59,16,1,23,1765,
B_noise,,,,1.7,1.0,,,,,,3,3,0.2,4,,,,,,,,0.9990,50,,,,,wbit,wbit,1,756.00,0.59,21,1,24,1766,
B_noise,,,,1.7,1.0,,,,,,3,3,0.2,4,,,,,,,,0.9995,50,,,,,wbit,wbit,1,540.00,0.59,15,1,25,1767,
B_noise,,,,1.7,1.0,,,,,,3,3,0.2,4,,,,,,,,0.9994,50,,,,,wbit,wbit,1,432.00,0.59,12,1,26,1768,
B_noise,,,,1.7,1.0,,,,,,3,3,0.2,4,,,,,,,,0.9995,50,,,,,wbit,wbit,1,504.00,0.59,14,1,27,1769,
B_noise,,,,1.7,1.0,,,,,,3,3,0.2,4,,,,,,,,0.9995,50,,,,,wbit,wbit,1,468.00,0.59,13,1,28,1770,
B_noise,,,,1.7,1.0,,,,,,3,3,0.2,4,,,,,,,,0.9993,50,,,,,wbit,wbit,1,684.00,0.59,19,1,29,1771,
B_noise,,,,1.7,1.0,,,,,,3,3,0.2,4,,,,,,,,0.9993,50,,,,,wbit,wbit,1,432.00,0.59,12,1,30,1772,
B_noise,,,,1.7,1.0,,,,,,3,3,0.2,4,,,,,,,,0.9993,50,,,,,wbit,wbit,1,468.00,0.59,13,1,31,1773,
B_noise,,,,1.7,1.0,,,,,,3,3,0.2,4,,,,,,,,0.9992,50,,,,,wbit,wbit,1,360.00,0.59,10,1,32,1774,
B_noise,,,,1.7,1.0,,,,,,3,3,0.2,4,,,,,,,,0.9994,50,,,,,wbit,wbit,1,648.00,0.59,18,1,33,1775,
B_noise,,,,1.7,1.0,,,,,,3,3,0.2,4,,,,,,,,0.9991,50,,,,,wbit,wbit,1,864.00,0.59,24,1,34,1776,
B_noise,,,,1.7,1.0,,,,,,3,3,0.2,4,,,,,,,,0.9993,50,,,,,wbit,wbit,1,468.00,0.59,13,1,35,1777,
B_noise,,,,1.7,1.0,,,,,,3,3,0.2,4,,,,,,,,0.9991,50,,,,,wbit,wbit,1,396.00,0.59,11,1,36,1778,
B_noise,,,,1.7,1.0,,,,,,3,3,0.2,4,,,,,,,,0.9992,50,,,,,wbit,wbit,1,1044.00,0.59,29,1,37,1779,
B_noise,,,,1.7,1.0,,,,,,3,3,0.2,4,,,,,,,,0.9993,50,,,,,wbit,wbit,1,864.00,0.59,24,1,38,1780,
B_noise,,,,1.7,1.0,,,,,,3,3,0.2,4,,,,,,,,0.9991,50,,,,,wbit,wbit,1,396.00,0.59,11,1,39,1781,
B_noise,,,,1.7,1.0,,,,,,3,3,0.2,4,,,,,,,,0.9993,50,,,,,wbit,wbit,1,396.00,0.59,11,1,40,1782,
B_noise,,,,1.7,1.0,,,,,,3,3,0.2,4,,,,,,,,0.9994,50,,,,,wbit,wbit,1,468.00,0.59,13,1,41,1783,
B_noise,,,,1.7,1.0,,,,,,3,3,0.2,4,,,,,,,,0.9992,50,,,,,wbit,wbit,1,360.00,0.59,10,1,42,1784,
B_noise,,,,1.7,1.0,,,,,,3,3,0.2,4,,,,,,,,0.9993,50,,,,,wbit,wbit,1,504.00,0.59,14,1,43,1785,
B_noise,,,,1.7,1.0,,,,,,3,3,0.2,4,,,,,,,,0.9990,50,,,,,wbit,wbit,1,792.00,0.59,22,1,44,1786,
B_noise,,,,1.7,1.0,,,,,,3,3,0.2,4,,,,,,,,0.9994,50,,,,,wbit,wbit,1,396.00,0.59,11,1,45,1787,
B_noise,,,,1.7,1.0,,,,,,3,3,0.2,4,,,,,,,,0.9993,50,,,,,wbit,wbit,1,432.00,0.59,12,1,46,1788,
B_noise,,,,1.7,1.0,,,,,,3,3,0.2,4,,,,,,,,0.9991,50,,,,,wbit,wbit,1,540.00,0.59,15,1,47,1789,
B_noise,,,,1.7,1.0,,,,,,3,3,0.2,4,,,,,,,,0.9995,50,,,,,wbit,wbit,1,576.00,0.59,16,1,48,1790,
B_noise,,,,1.7,1.0,,,,,,3,3,0.2,4,,,,,,,,0.9991,50,,,,,wbit,wbit,1,360.00,0.59,10,1,49,1791,
B_noise,,,,1.7,1.0,,,,,,3,3,0.2,4,,,,,,,,0.9994,50,,,,,wbit,wbit,1,504.00,0.59,14,1,50,1792,
B_noise,,,,1.7,1.0,,,,,,3,3,0.2,4,,,,,,,,0.9991,50,,,,,wbit,wbit,1,468.00,0.59,13,1,51,1793,
B_noise,,,,1.7,1.0,,,,,,3,3,0.2,4,,,,,,,,0.9995,50,,,,,wbit,wbit,1,432.00,0.59,12,1,52,1794,
B_noise,,,,1.7,1.0,,,,,,3,3,0.2,4,,,,,,,,0.9994,50,,,,,wbit,wbit,1,468.00,0.59,13,1,53,1795,
B_noise,,,,1.7,1.0,,,,,,3,3,0.2,4,,,,,,,,0.9990,50,,,,,wbit,wbit,1,396.00,0.59,11,1,54,1796,
B_noise,,,,1.7,1.0,,,,,,3,3,0.2,4,,,,,,,,0.9991,50,,,,,wbit,wbit,1,468.00,0.59,13,1,55,1797,
B_noise,,,,1.7,1.0,,,,,,3,3,0.2,4,,,,,,,,0.9992,50,,,,,wbit,wbit,1,360.00,0.59,10,1,56,1798,
B_noise,,,,1.7,1.0,,,,,,3,3,0.2,4,,,,,,,,0.9992,50,,,,,wbit,wbit,1,360.00,0.59,10,1,57,1799,
B_noise,,,,1.7,1.0,,,,,,3,3,0.2,4,,,,,,,,0.9992,50,,,,,wbit,wbit,1,360.00,0.59,10,1,58,1800,
B_noise,,,,1.7,1.0,,,,,,3,3,0.2,4,,,,,,,,0.9992,50,,,,,wbit,wbit,1,432.00,0.59,12,1,59,1801,
B_noise,,,,1.7,1.0,,,,,,3,3,0.2,4,,,,,,,,0.9993,50,,,,,wbit,wbit,1,432.00,0.59,12,1,60,1802,
B_noise,,,,1.7,1.0,,,,,,3,3,0.2,4,,,,,,,,0.9990,50,,,,,wbit,wbit,1,720.00,0.59,20,1,61,1803,
B_noise,,,,1.7,1.0,,,,,,3,3,0.2,4,,,,,,,,0.9995,50,,,,,wbit,wbit,1,1044.00,0.59,29,1,62,1804,
B_noise,,,,1.7,1.0,,,,,,3,3,0.2,4,,,,,,,,0.9995,50,,,,,wbit,wbit,1,468.00,0.59,13,1,63,1805,
B_noise,,,,1.7,1.0,,,,,,3,3,0.2,4,,,,,,,,0.9989,50,,,,,wbit,wbit,1,468.00,0.59,13,1,64,1806,
B_noise,,,,1.7,1.0,,,,,,3,3,0.2,4,,,,,,,,0.9992,50,,,,,wbit,wbit,1,468.00,0.59,13,1,65,1807,
B_noise,,,,1.7,1.0,,,,,,3,3,0.2,4,,,,,,,,0.9991,50,,,,,wbit,wbit,1,432.00,0.59,12,1,66,1808,
B_noise,,,,1.7,1.0,,,,,,3,3,0.2,4,,,,,,,,0.9994,50,,,,,wbit,wbit,1,540.00,0.59,15,1,67,1809,
B_noise,,,,1.7,1.0,,,,,,3,3,0.2,4,,,,,,,,0.9992,50,,,,,wbit,wbit,1,504.00,0.59,14,1,68,1810,
B_noise,,,,1.7,1.0,,,,,,3,3,0.2,4,,,,,,,,0.9989,50,,,,,wbit,wbit,1,648.00,0.59,18,1,69,1811,
B_noise,,,,1.7,1.0,,,,,,3,3,0.2,4,,,,,,,,0.9991,50,,,,,wbit,wbit,1,432.00,0.59,12,1,70,1812,
B_noise,,,,1.7,1.0,,,,,,3,3,0.2,4,,,,,,,,0.9990,50,,,,,wbit,wbit,1,504.00,0.59,14,1,71,1813,
B_noise,,,,1.7,1.0,,,,,,3,3,0.2,4,,,,,,,,0.9993,50,,,,,wbit,wbit,1,1080.00,0.59,30,1,72,1814,
B_noise,,,,1.7,1.0,,,,,,3,3,0.2,4,,,,,,,,0.9991,50,,,,,wbit,wbit,1,576.00,0.59,16,1,73,1815,
B_noise,,,,1.7,1.0,,,,,,3,3,0.2,4,,,,,,,,0.9995,50,,,,,wbit,wbit,1,432.00,0.59,12,1,74,1816,
B_noise,,,,1.7,1.0,,,,,,3,3,0.2,4,,,,,,,,0.9992,50,,,,,wbit,wbit,1,360.00,0.59,10,1,75,1817,
B_noise,,,,1.7,1.0,,,,,,3,3,0.2,4,,,,,,,,0.9992,50,,,,,wbit,wbit,1,648.00,0.59,18,1,76,1818,
B_noise,,,,1.7,1.0,,,,,,3,3,0.2,4,,,,,,,,0.9991,50,,,,,wbit,wbit,1,360.00,0.59,10,1,77,1819,
B_noise,,,,1.7,1.0,,,,,,3,3,0.2,4,,,,,,,,0.9995,50,,,,,wbit,wbit,1,432.00,0.59,12,1,78,1820,
B_noise,,,,1.7,1.0,,,,,,3,3,0.2,4,,,,,,,,0.9991,50,,,,,wbit,wbit,1,396.00,0.59,11,1,79,1821,
B_noise,,,,1.7,1.0,,,,,,3,3,0.2,4,,,,,,,,0.9992,50,,,,,wbit,wbit,1,396.00,0.59,11,1,80,1822,
B_noise,,,,1.7,1.0,,,,,,3,3,0.2,4,,,,,,,,0.9991,50,,,,,wbit,wbit,1,396.00,0.59,11,1,81,1823,
B_noise,,,,1.7,1.0,,,,,,3,3,0.2,4,,,,,,,,0.9991,50,,,,,wbit,wbit,1,432.00,0.59,12,1,82,1824,
B_noise,,,,1.7,1.0,,,,,,3,3,0.2,4,,,,,,,,0.9995,50,,,,,wbit,wbit,1,972.00,0.59,27,1,83,1825,
B_noise,,,,1.7,1.0,,,,,,3,3,0.2,4,,,,,,,,0.9992,50,,,,,wbit,wbit,1,468.00,0.59,13,1,84,1826,
B_noise,,,,1.7,1.0,,,,,,3,3,0.2,4,,,,,,,,0.9994,50,,,,,wbit,wbit,1,612.00,0.59,17,1,85,1827,
B_noise,,,,1.7,1.0,,,,,,3,3,0.2,4,,,,,,,,0.9991,50,,,,,wbit,wbit,1,396.00,0.59,11,1,86,1828,
B_noise,,,,1.7,1.0,,,,,,3,3,0.2,4,,,,,,,,0.9994,50,,,,,wbit,wbit,1,576.00,0.59,16,1,87,1829,
B_noise,,,,1.7,1.0,,,,,,3,3,0.2,4,,,,,,,,0.9991,50,,,,,wbit,wbit,1,396.00,0.59,11,1,88,1830,
B_noise,,,,1.7,1.0,,,,,,3,3,0.2,4,,,,,,,,0.9992,50,,,,,wbit,wbit,1,396.00,0.59,11,1,89,1831,
B_noise,,,,1.7,1.0,,,,,,3,3,0.2,4,,,,,,,,0.9994,50,,,,,wbit,wbit,1,1008.00,0.59,28,1,90,1832,
B_noise,,,,1.7,1.0,,,,,,3,3,0.2,4,,,,,,,,0.9991,50,,,,,wbit,wbit,1,396.00,0.59,11,1,91,1833,
B_noise,,,,1.7,1.0,,,,,,3,3,0.2,4,,,,,,,,0.9992,50,,,,,wbit,wbit,1,684.00,0.59,19,1,92,1834,
B_noise,,,,1.7,1.0,,,,,,3,3,0.2,4,,,,,,,,0.9994,50,,,,,wbit,wbit,1,396.00,0.59,11,1,93,1835,
B_noise,,,,1.7,1.0,,,,,,3,3,0.2,4,,,,,,,,0.9993,50,,,,,wbit,wbit,1,396.00,0.59,11,1,94,1836,
B_noise,,,,1.7,1.0,,,,,,3,3,0.2,4,,,,,,,,0.9993,50,,,,,wbit,wbit,1,504.00,0.59,14,1,95,1837,
B_noise,,,,1.7,1.0,,,,,,3,3,0.2,4,,,,,,,,0.9990,50,,,,,wbit,wbit,1,396.00,0.59,11,1,96,1838,
B_noise,,,,1.7,1.0,,,,,,3,3,0.2,4,,,,,,,,0.9993,50,,,,,wbit,wbit,1,756.00,0.59,21,1,97,1839,
B_noise,,,,1.7,1.0,,,,,,3,3,0.2,4,,,,,,,,0.9995,50,,,,,wbit,wbit,1,504.00,0.59,14,1,98,1840,
B_noise,,,,1.7,1.0,,,,,,3,3,0.2,4,,,,,,,,0.9991,50,,,,,wbit,wbit,1,396.00,0.59,11,1,99,1841,
B_noise,,,,1.8,1.0,,,,,,3,3,0.2,4,,,,,,,,0.9993,50,,,,,wbit,wbit,1,1188.00,0.56,33,1,0,1842,
B_noise,,,,1.8,1.0,,,,,,3,3,0.2,4,,,,,,,,0.9994,50,,,,,wbit,wbit,1,720.00,0.56,20,1,1,1843,
B_noise,,,,1.8,1.0,,,,,,3,3,0.2,4,,,,,,,,0.9991,50,,,,,wbit,wbit,1,1332.00,0.56,37,1,2,1844,
B_noise,,,,1.8,1.0,,,,,,3,3,0.2,4,,,,,,,,0.9993,50,,,,,wbit,wbit,1,432.00,0.56,12,1,3,1845,
B_noise,,,,1.8,1.0,,,,,,3,3,0.2,4,,,,,,,,0.9993,50,,,,,wbit,wbit,1,432.00,0.56,12,1,4,1846,
B_noise,,,,1.8,1.0,,,,,,3,3,0.2,4,,,,,,,,0.9992,50,,,,,wbit,wbit,1,360.00,0.56,10,1,5,1847,
B_noise,,,,1.8,1.0,,,,,,3,3,0.2,4,,,,,,,,0.9991,50,,,,,wbit,wbit,1,504.00,0.56,14,1,6,1848,
B_noise,,,,1.8,1.0,,,,,,3,3,0.2,4,,,,,,,,0.9994,50,,,,,wbit,wbit,1,576.00,0.56,16,1,7,1849,
B_noise,,,,1.8,1.0,,,,,,3,3,0.2,4,,,,,,,,0.9994,50,,,,,wbit,wbit,1,396.00,0.56,11,1,8,1850,
B_noise,,,,1.8,1.0,,,,,,3,3,0.2,4,,,,,,,,0.9984,50,,,,,wbit,wbit,1,396.00,0.56,11,1,9,1851,
B_noise,,,,1.8,1.0,,,,,,3,3,0.2,4,,,,,,,,0.9994,50,,,,,wbit,wbit,1,432.00,0.56,12,1,10,1852,
B_noise,,,,1.8,1.0,,,,,,3,3,0.2,4,,,,,,,,0.9991,50,,,,,wbit,wbit,1,468.00,0.56,13,1,11,1853,
B_noise,,,,1.8,1.0,,,,,,3,3,0.2,4,,,,,,,,0.9992,50,,,,,wbit,wbit,1,360.00,0.56,10,1,12,1854,
B_noise,,,,1.8,1.0,,,,,,3,3,0.2,4,,,,,,,,0.9990,50,,,,,wbit,wbit,1,396.00,0.56,11,1,13,1855,
B_noise,,,,1.8,1.0,,,,,,3,3,0.2,4,,,,,,,,0.9992,50,,,,,wbit,wbit,1,684.00,0.56,19,1,14,1856,
B_noise,,,,1.8,1.0,,,,,,3,3,0.2,4,,,,,,,,0.9990,50,,,,,wbit,wbit,1,360.00,0.56,10,1,15,1857,
B_noise,,,,1.8,1.0,,,,,,3,3,0.2,4,,,,,,,,0.9992,50,,,,,wbit,wbit,1,468.00,0.56,13,1,16,1858,
B_noise,,,,1.8,1.0,,,,,,3,3,0.2,4,,,,,,,,0.9994,50,,,,,wbit,wbit,1,468.00,0.56,13,1,17,1859,
B_noise,,,,1.8,1.0,,,,,,3,3,0.2,4,,,,,,,,0.9993,50,,,,,wbit,wbit,1,468.00,0.56,13,1,18,1860,
B_noise,,,,1.8,1.0,,,,,,3,3,0.2,4,,,,,,,,0.9988,50,,,,,wbit,wbit,1,396.00,0.56,11,1,19,1861,
B_noise,,,,1.8,1.0,,,,,,3,3,0.2,4,,,,,,,,0.9994,50,,,,,wbit,wbit,1,468.00,0.56,13,1,20,1862,
B_noise,,,,1.8,1.0,,,,,,3,3,0.2,4,,,,,,,,0.9991,50,,,,,wbit,wbit,1,432.00,0.56,12,1,21,1863,
B_noise,,,,1.8,1.0,,,,,,3,3,0.2,4,,,,,,,,0.9993,50,,,,,wbit,wbit,1,504.00,0.56,14,1,22,1864,
B_noise,,,,1.8,1.0,,,,,,3,3,0.2,4,,,,,,,,0.9995,50,,,,,wbit,wbit,1,396.00,0.56,11,1,23,1865,
B_noise,,,,1.8,1.0,,,,,,3,3,0.2,4,,,,,,,,0.9992,50,,,,,wbit,wbit,1,360.00,0.56,10,1,24,1866,
B_noise,,,,1.8,1.0,,,,,,3,3,0.2,4,,,,,,,,0.9990,50,,,,,wbit,wbit,1,396.00,0.56,11,1,25,1867,
B_noise,,,,1.8,1.0,,,,,,3,3,0.2,4,,,,,,,,0.9994,50,,,,,wbit,wbit,1,540.00,0.56,15,1,26,1868,
B_noise,,,,1.8,1.0,,,,,,3,3,0.2,4,,,,,,,,0.9995,50,,,,,wbit,wbit,1,900.00,0.56,25,1,27,1869,
B_noise,,,,1.8,1.0,,,,,,3,3,0.2,4,,,,,,,,0.9993,50,,,,,wbit,wbit,1,468.00,0.56,13,1,28,1870,
B_noise,,,,1.8,1.0,,,,,,3,3,0.2,4,,,,,,,,0.9990,50,,,,,wbit,wbit,1,396.00,0.56,11,1,29,1871,
B_noise,,,,1.8,1.0,,,,,,3,3,0.2,4,,,,,,,,0.9992,50,,,,,wbit,wbit,1,396.00,0.56,11,1,30,1872,
B_noise,,,,1.8,1.0,,,,,,3,3,0.2,4,,,,,,,,0.9994,50,,,,,wbit,wbit,1,468.00,0.56,13,1,31,1873,
B_noise,,,,1.8,1.0,,,,,,3,3,0.2,4,,,,,,,,0.9995,50,,,,,wbit,wbit,1,468.00,0.56,13,1,32,1874,
B_noise,,,,1.8,1.0,,,,,,3,3,0.2,4,,,,,,,,0.9995,50,,,,,wbit,wbit,1,468.00,0.56,13,1,33,1875,
B_noise,,,,1.8,1.0,,,,,,3,3,0.2,4,,,,,,,,0.9991,50,,,,,wbit,wbit,1,432.00,0.56,12,1,34,1876,
B_noise,,,,1.8,1.0,,,,,,3,3,0.2,4,,,,,,,,0.9990,50,,,,,wbit,wbit,1,396.00,0.56,11,1,35,1877,
B_noise,,,,1.8,1.0,,,,,,3,3,0.2,4,,,,,,,,0.9994,50,,,,,wbit,wbit,1,540.00,0.56,15,1,36,1878,
B_noise,,,,1.8,1.0,,,,,,3,3,0.2,4,,,,,,,,0.9995,50,,,,,wbit,wbit,1,468.00,0.56,13,1,37,1879,
B_noise,,,,1.8,1.0,,,,,,3,3,0.2,4,,,,,,,,0.9991,50,,,,,wbit,wbit,1,360.00,0.56,10,1,38,1880,
B_noise,,,,1.8,1.0,,,,,,3,3,0.2,4,,,,,,,,0.9991,50,,,,,wbit,wbit,1,396.00,0.56,11,1,39,1881,
B_noise,,,,1.8,1.0,,,,,,3,3,0.2,4,,,,,,,,0.9992,50,,,,,wbit,wbit,1,360.00,0.56,10,1,40,1882,
B_noise,,,,1.8,1.0,,,,,,3,3,0.2,4,,,,,,,,0.9989,50,,,,,wbit,wbit,1,396.00,0.56,11,1,41,1883,
B_noise,,,,1.8,1.0,,,,,,3,3,0.2,4,,,,,,,,0.9991,50,,,,,wbit,wbit,1,432.00,0.56,12,1,42,1884,
B_noise,,,,1.8,1.0,,,,,,3,3,0.2,4,,,,,,,,0.9993,50,,,,,wbit,wbit,1,432.00,0.56,12,1,43,1885,
B_noise,,,,1.8,1.0,,,,,,3,3,0.2,4,,,,,,,,0.9994,50,,,,,wbit,wbit,1,540.00,0.56,15,1,44,1886,
B_noise,,,,1.8,1.0,,,,,,3,3,0.2,4,,,,,,,,0.9993,50,,,,,wbit,wbit,1,468.00,0.56,13,1,45,1887,
B_noise,,,,1.8,1.0,,,,,,3,3,0.2,4,,,,,,,,0.9991,50,,,,,wbit,wbit,1,396.00,0.56,11,1,46,1888,
B_noise,,,,1.8,1.0,,,,,,3,3,0.2,4,,,,,,,,0.9991,50,,,,,wbit,wbit,1,396.00,0.56,11,1,47,1889,
B_noise,,,,1.8,1.0,,,,,,3,3,0.2,4,,,,,,,,0.9993,50,,,,,wbit,wbit,1,576.00,0.56,16,1,48,1890,
B_noise,,,,1.8,1.0,,,,,,3,3,0.2,4,,,,,,,,0.9991,50,,,,,wbit,wbit,1,612.00,0.56,17,1,49,1891,
B_noise,,,,1.8,1.0,,,,,,3,3,0.2,4,,,,,,,,0.9994,50,,,,,wbit,wbit,1,396.00,0.56,11,1,50,1892,
B_noise,,,,1.8,1.0,,,,,,3,3,0.2,4,,,,,,,,0.9995,50,,,,,wbit,wbit,1,756.00,0.56,21,1,51,1893,
B_noise,,,,1.8,1.0,,,,,,3,3,0.2,4,,,,,,,,0.9990,50,,,,,wbit,wbit,1,576.00,0.56,16,1,52,1894,
B_noise,,,,1.8,1.0,,,,,,3,3,0.2,4,,,,,,,,0.9994,50,,,,,wbit,wbit,1,504.00,0.56,14,1,53,1895,
B_noise,,,,1.8,1.0,,,,,,3,3,0.2,4,,,,,,,,0.9995,50,,,,,wbit,wbit,1,396.00,0.56,11,1,54,1896,
B_noise,,,,1.8,1.0,,,,,,3,3,0.2,4,,,,,,,,0.9994,50,,,,,wbit,wbit,1,468.00,0.56,13,1,55,1897,
B_noise,,,,1.8,1.0,,,,,,3,3,0.2,4,,,,,,,,0.9990,50,,,,,wbit,wbit,1,468.00,0.56,13,1,56,1898,
B_noise,,,,1.8,1.0,,,,,,3,3,0.2,4,,,,,,,,0.9992,50,,,,,wbit,wbit,1,540.00,0.56,15,1,57,1899,
B_noise,,,,1.8,1.0,,,,,,3,3,0.2,4,,,,,,,,0.9994,50,,,,,wbit,wbit,1,684.00,0.56,19,1,58,1900,
B_noise,,,,1.8,1.0,,,,,,3,3,0.2,4,,,,,,,,0.9994,50,,,,,wbit,wbit,1,612.00,0.56,17,1,59,1901,
B_noise,,,,1.8,1.0,,,,,,3,3,0.2,4,,,,,,,,0.9995,50,,,,,wbit,wbit,1,720.00,0.56,20,1,60,1902,
B_noise,,,,1.8,1.0,,,,,,3,3,0.2,4,,,,,,,,0.9992,50,,,,,wbit,wbit,1,360.00,0.56,10,1,61,1903,
B_noise,,,,1.8,1.0,,,,,,3,3,0.2,4,,,,,,,,0.9992,50,,,,,wbit,wbit,1,1188.00,0.56,33,1,62,1904,
B_noise,,,,1.8,1.0,,,,,,3,3,0.2,4,,,,,,,,0.9991,50,,,,,wbit,wbit,1,396.00,0.56,11,1,63,1905,
B_noise,,,,1.8,1.0,,,,,,3,3,0.2,4,,,,,,,,0.9991,50,,,,,wbit,wbit,1,540.00,0.56,15,1,64,1906,
B_noise,,,,1.8,1.0,,,,,,3,3,0.2,4,,,,,,,,0.9991,50,,,,,wbit,wbit,1,360.00,0.56,10,1,65,1907,
B_noise,,,,1.8,1.0,,,,,,3,3,0.2,4,,,,,,,,0.9991,50,,,,,wbit,wbit,1,396.00,0.56,11,1,66,1908,
B_noise,,,,1.8,1.0,,,,,,3,3,0.2,4,,,,,,,,0.9992,50,,,,,wbit,wbit,1,432.00,0.56,12,1,67,1909,
B_noise,,,,1.8,1.0,,,,,,3,3,0.2,4,,,,,,,,0.9994,50,,,,,wbit,wbit,1,576.00,0.56,16,1,68,1910,
B_noise,,,,1.8,1.0,,,,,,3,3,0.2,4,,,,,,,,0.9991,50,,,,,wbit,wbit,1,612.00,0.56,17,1,69,1911,
B_noise,,,,1.8,1.0,,,,,,3,3,0.2,4,,,,,,,,0.9993,50,,,,,wbit,wbit,1,720.00,0.56,20,1,70,1912,
B_noise,,,,1.8,1.0,,,,,,3,3,0.2,4,,,,,,,,0.9993,50,,,,,wbit,wbit,1,432.00,0.56,12,1,71,1913,
B_noise,,,,1.8,1.0,,,,,,3,3,0.2,4,,,,,,,,0.9992,50,,,,,wbit,wbit,1,432.00,0.56,12,1,72,1914,
B_noise,,,,1.8,1.0,,,,,,3,3,0.2,4,,,,,,,,0.9970,50,,,,,wbit,wbit,1,504.00,0.56,14,1,73,1915,
B_noise,,,,1.8,1.0,,,,,,3,3,0.2,4,,,,,,,,0.9995,50,,,,,wbit,wbit,1,756.00,0.56,21,1,74,1916,
B_noise,,,,1.8,1.0,,,,,,3,3,0.2,4,,,,,,,,0.9986,50,,,,,wbit,wbit,1,720.00,0.56,20,1,75,1917,
B_noise,,,,1.8,1.0,,,,,,3,3,0.2,4,,,,,,,,0.9991,50,,,,,wbit,wbit,1,432.00,0.56,12,1,76,1918,
B_noise,,,,1.8,1.0,,,,,,3,3,0.2,4,,,,,,,,0.9990,50,,,,,wbit,wbit,1,540.00,0.56,15,1,77,1919,
B_noise,,,,1.8,1.0,,,,,,3,3,0.2,4,,,,,,,,0.9993,50,,,,,wbit,wbit,1,468.00,0.56,13,1,78,1920,
B_noise,,,,1.8,1.0,,,,,,3,3,0.2,4,,,,,,,,0.9992,50,,,,,wbit,wbit,1,360.00,0.56,10,1,79,1921,
B_noise,,,,1.8,1.0,,,,,,3,3,0.2,4,,,,,,,,0.9993,50,,,,,wbit,wbit,1,432.00,0.56,12,1,80,1922,
B_noise,,,,1.8,1.0,,,,,,3,3,0.2,4,,,,,,,,0.9992,50,,,,,wbit,wbit,1,396.00,0.56,11,1,81,1923,
B_noise,,,,1.8,1.0,,,,,,3,3,0.2,4,,,,,,,,0.9993,50,,,,,wbit,wbit,1,504.00,0.56,14,1,82,1924,
B_noise,,,,1.8,1.0,,,,,,3,3,0.2,4,,,,,,,,0.9991,50,,,,,wbit,wbit,1,396.00,0.56,11,1,83,1925,
B_noise,,,,1.8,1.0,,,,,,3,3,0.2,4,,,,,,,,0.9992,50,,,,,wbit,wbit,1,1080.00,0.56,30,1,84,1926,
B_noise,,,,1.8,1.0,,,,,,3,3,0.2,4,,,,,,,,0.9993,50,,,,,wbit,wbit,1,396.00,0.56,11,1,85,1927,
B_noise,,,,1.8,1.0,,,,,,3,3,0.2,4,,,,,,,,0.9994,50,,,,,wbit,wbit,1,432.00,0.56,12,1,86,1928,
B_noise,,,,1.8,1.0,,,,,,3,3,0.2,4,,,,,,,,0.9991,50,,,,,wbit,wbit,1,396.00,0.56,11,1,87,1929,
B_noise,,,,1.8,1.0,,,,,,3,3,0.2,4,,,,,,,,0.9994,50,,,,,wbit,wbit,1,504.00,0.56,14,1,88,1930,
B_noise,,,,1.8,1.0,,,,,,3,3,0.2,4,,,,,,,,0.9987,50,,,,,wbit,wbit,1,468.00,0.56,13,1,89,1931,
B_noise,,,,1.8,1.0,,,,,,3,3,0.2,4,,,,,,,,0.9994,50,,,,,wbit,wbit,1,612.00,0.56,17,1,90,1932,
B_noise,,,,1.8,1.0,,,,,,3,3,0.2,4,,,,,,,,0.9973,50,,,,,wbit,wbit,1,432.00,0.56,12,1,91,1933,
B_noise,,,,1.8,1.0,,,,,,3,3,0.2,4,,,,,,,,0.9990,50,,,,,wbit,wbit,1,576.00,0.56,16,1,92,1934,
B_noise,,,,1.8,1.0,,,,,,3,3,0.2,4,,,,,,,,0.9992,50,,,,,wbit,wbit,1,468.00,0.56,13,1,93,1935,
B_noise,,,,1.8,1.0,,,,,,3,3,0.2,4,,,,,,,,0.9991,50,,,,,wbit,wbit,1,432.00,0.56,12,1,94,1936,
B_noise,,,,1.8,1.0,,,,,,3,3,0.2,4,,,,,,,,0.9969,50,,,,,wbit,wbit,1,540.00,0.56,15,1,95,1937,
B_noise,,,,1.8,1.0,,,,,,3,3,0.2,4,,,,,,,,0.9994,50,,,,,wbit,wbit,1,648.00,0.56,18,1,96,1938,
B_noise,,,,1.8,1.0,,,,,,3,3,0.2,4,,,,,,,,0.9992,50,,,,,wbit,wbit,1,756.00,0.56,21,1,97,1939,
B_noise,,,,1.8,1.0,,,,,,3,3,0.2,4,,,,,,,,0.9991,50,,,,,wbit,wbit,1,360.00,0.56,10,1,98,1940,
B_noise,,,,1.8,1.0,,,,,,3,3,0.2,4,,,,,,,,0.9965,50,,,,,wbit,wbit,1,360.00,0.56,10,1,99,1941,
B_noise,,,,1.9,1.0,,,,,,3,3,0.2,4,,,,,,,,0.9993,50,,,,,wbit,wbit,1,576.00,0.53,16,1,0,1942,
B_noise,,,,1.9,1.0,,,,,,3,3,0.2,4,,,,,,,,0.9990,50,,,,,wbit,wbit,1,1080.00,0.53,30,1,1,1943,
B_noise,,,,1.9,1.0,,,,,,3,3,0.2,4,,,,,,,,0.9980,50,,,,,wbit,wbit,1,972.00,0.53,27,1,2,1944,
B_noise,,,,1.9,1.0,,,,,,3,3,0.2,4,,,,,,,,0.9993,50,,,,,wbit,wbit,1,1008.00,0.53,28,1,3,1945,
B_noise,,,,1.9,1.0,,,,,,3,3,0.2,4,,,,,,,,0.9995,50,,,,,wbit,wbit,1,432.00,0.53,12,1,4,1946,
B_noise,,,,1.9,1.0,,,,,,3,3,0.2,4,,,,,,,,0.9992,50,,,,,wbit,wbit,1,1080.00,0.53,30,1,5,1947,
B_noise,,,,1.9,1.0,,,,,,3,3,0.2,4,,,,,,,,0.9990,50,,,,,wbit,wbit,1,1260.00,0.53,35,1,6,1948,
B_noise,,,,1.9,1.0,,,,,,3,3,0.2,4,,,,,,,,0.9991,50,,,,,wbit,wbit,1,1044.00,0.53,29,1,7,1949,
B_noise,,,,1.9,1.0,,,,,,3,3,0.2,4,,,,,,,,0.9995,50,,,,,wbit,wbit,1,720.00,0.53,20,1,8,1950,
B_noise,,,,1.9,1.0,,,,,,3,3,0.2,4,,,,,,,,0.9992,50,,,,,wbit,wbit,1,360.00,0.53,10,1,9,1951,
B_noise,,,,1.9,1.0,,,,,,3,3,0.2,4,,,,,,,,0.9992,50,,,,,wbit,wbit,1,360.00,0.53,10,1,10,1952,
B_noise,,,,1.9,1.0,,,,,,3,3,0.2,4,,,,,,,,0.9973,50,,,,,wbit,wbit,1,360.00,0.53,10,1,11,1953,
B_noise,,,,1.9,1.0,,,,,,3,3,0.2,4,,,,,,,,0.9993,50,,,,,wbit,wbit,1,504.00,0.53,14,1,12,1954,
B_noise,,,,1.9,1.0,,,,,,3,3,0.2,4,,,,,,,,0.9991,50,,,,,wbit,wbit,1,684.00,0.53,19,1,13,1955,
B_noise,,,,1.9,1.0,,,,,,3,3,0.2,4,,,,,,,,0.9995,50,,,,,wbit,wbit,1,504.00,0.53,14,1,14,1956,
B_noise,,,,1.9,1.0,,,,,,3,3,0.2,4,,,,,,,,0.9991,50,,,,,wbit,wbit,1,396.00,0.53,11,1,15,1957,
B_noise,,,,1.9,1.0,,,,,,3,3,0.2,4,,,,,,,,0.9994,50,,,,,wbit,wbit,1,432.00,0.53,12,1,16,1958,
B_noise,,,,1.9,1.0,,,,,,3,3,0.2,4,,,,,,,,0.9992,50,,,,,wbit,wbit,1,1368.00,0.53,38,1,17,1959,
B_noise,,,,1.9,1.0,,,,,,3,3,0.2,4,,,,,,,,0.9992,50,,,,,wbit,wbit,1,864.00,0.53,24,1,18,1960,
B_noise,,,,1.9,1.0,,,,,,3,3,0.2,4,,,,,,,,0.9991,50,,,,,wbit,wbit,1,468.00,0.53,13,1,19,1961,
B_noise,,,,1.9,1.0,,,,,,3,3,0.2,4,,,,,,,,0.9994,50,,,,,wbit,wbit,1,864.00,0.53,24,1,20,1962,
B_noise,,,,1.9,1.0,,,,,,3,3,0.2,4,,,,,,,,0.9992,50,,,,,wbit,wbit,1,576.00,0.53,16,1,21,1963,
B_noise,,,,1.9,1.0,,,,,,3,3,0.2,4,,,,,,,,0.9990,50,,,,,wbit,wbit,1,612.00,0.53,17,1,22,1964,
B_noise,,,,1.9,1.0,,,,,,3,3,0.2,4,,,,,,,,0.9993,50,,,,,wbit,wbit,1,864.00,0.53,24,1,23,1965,
B_noise,,,,1.9,1.0,,,,,,3,3,0.2,4,,,,,,,,0.9995,50,,,,,wbit,wbit,1,648.00,0.53,18,1,24,1966,
B_noise,,,,1.9,1.0,,,,,,3,3,0.2,4,,,,,,,,0.9992,50,,,,,wbit,wbit,1,360.00,0.53,10,1,25,1967,
B_noise,,,,1.9,1.0,,,,,,3,3,0.2,4,,,,,,,,0.9993,50,,,,,wbit,wbit,1,396.00,0.53,11,1,26,1968,
B_noise,,,,1.9,1.0,,,,,,3,3,0.2,4,,,,,,,,0.9992,50,,,,,wbit,wbit,1,792.00,0.53,22,1,27,1969,
B_noise,,,,1.9,1.0,,,,,,3,3,0.2,4,,,,,,,,0.9986,50,,,,,wbit,wbit,1,612.00,0.53,17,1,28,1970,
B_noise,,,,1.9,1.0,,,,,,3,3,0.2,4,,,,,,,,0.9990,50,,,,,wbit,wbit,1,612.00,0.53,17,1,29,1971,
B_noise,,,,1.9,1.0,,,,,,3,3,0.2,4,,,,,,,,0.9994,50,,,,,wbit,wbit,1,468.00,0.53,13,1,30,1972,
B_noise,,,,1.9,1.0,,,,,,3,3,0.2,4,,,,,,,,0.9986,50,,,,,wbit,wbit,1,468.00,0.53,13,1,31,1973,
B_noise,,,,1.9,1.0,,,,,,3,3,0.2,4,,,,,,,,0.9991,50,,,,,wbit,wbit,1,972.00,0.53,27,1,32,1974,
B_noise,,,,1.9,1.0,,,,,,3,3,0.2,4,,,,,,,,0.9991,50,,,,,wbit,wbit,1,396.00,0.53,11,1,33,1975,
B_noise,,,,1.9,1.0,,,,,,3,3,0.2,4,,,,,,,,0.9991,50,,,,,wbit,wbit,1,432.00,0.53,12,1,34,1976,
B_noise,,,,1.9,1.0,,,,,,3,3,0.2,4,,,,,,,,0.9995,50,,,,,wbit,wbit,1,720.00,0.53,20,1,35,1977,
B_noise,,,,1.9,1.0,,,,,,3,3,0.2,4,,,,,,,,0.9994,50,,,,,wbit,wbit,1,828.00,0.53,23,1,36,1978,
B_noise,,,,1.9,1.0,,,,,,3,3,0.2,4,,,,,,,,0.9991,50,,,,,wbit,wbit,1,432.00,0.53,12,1,37,1979,
B_noise,,,,1.9,1.0,,,,,,3,3,0.2,4,,,,,,,,0.9994,50,,,,,wbit,wbit,1,972.00,0.53,27,1,38,1980,
B_noise,,,,1.9,1.0,,,,,,3,3,0.2,4,,,,,,,,0.9993,50,,,,,wbit,wbit,1,648.00,0.53,18,1,39,1981,
B_noise,,,,1.9,1.0,,,,,,3,3,0.2,4,,,,,,,,0.9992,50,,,,,wbit,wbit,1,540.00,0.53,15,1,40,1982,
B_noise,,,,1.9,1.0,,,,,,3,3,0.2,4,,,,,,,,0.9990,50,,,,,wbit,wbit,1,864.00,0.53,24,1,41,1983,
B_noise,,,,1.9,1.0,,,,,,3,3,0.2,4,,,,,,,,0.9991,50,,,,,wbit,wbit,1,396.00,0.53,11,1,42,1984,
B_noise,,,,1.9,1.0,,,,,,3,3,0.2,4,,,,,,,,0.9992,50,,,,,wbit,wbit,1,540.00,0.53,15,1,43,1985,
B_noise,,,,1.9,1.0,,,,,,3,3,0.2,4,,,,,,,,0.9994,50,,,,,wbit,wbit,1,648.00,0.53,18,1,44,1986,
B_noise,,,,1.9,1.0,,,,,,3,3,0.2,4,,,,,,,,0.9991,50,,,,,wbit,wbit,1,792.00,0.53,22,1,45,1987,
B_noise,,,,1.9,1.0,,,,,,3,3,0.2,4,,,,,,,,0.9993,50,,,,,wbit,wbit,1,576.00,0.53,16,1,46,1988,
B_noise,,,,1.9,1.0,,,,,,3,3,0.2,4,,,,,,,,0.9990,50,,,,,wbit,wbit,1,648.00,0.53,18,1,47,1989,
B_noise,,,,1.9,1.0,,,,,,3,3,0.2,4,,,,,,,,0.9991,50,,,,,wbit,wbit,1,828.00,0.53,23,1,48,1990,
B_noise,,,,1.9,1.0,,,,,,3,3,0.2,4,,,,,,,,0.9993,50,,,,,wbit,wbit,1,504.00,0.53,14,1,49,1991,
B_noise,,,,1.9,1.0,,,,,,3,3,0.2,4,,,,,,,,0.9991,50,,,,,wbit,wbit,1,432.00,0.53,12,1,50,1992,
B_noise,,,,1.9,1.0,,,,,,3,3,0.2,4,,,,,,,,0.9991,50,,,,,wbit,wbit,1,684.00,0.53,19,1,51,1993,
B_noise,,,,1.9,1.0,,,,,,3,3,0.2,4,,,,,,,,0.9994,50,,,,,wbit,wbit,1,468.00,0.53,13,1,52,1994,
B_noise,,,,1.9,1.0,,,,,,3,3,0.2,4,,,,,,,,0.9991,50,,,,,wbit,wbit,1,612.00,0.53,17,1,53,1995,
B_noise,,,,1.9,1.0,,,,,,3,3,0.2,4,,,,,,,,0.9992,50,,,,,wbit,wbit,1,684.00,0.53,19,1,54,1996,
B_noise,,,,1.9,1.0,,,,,,3,3,0.2,4,,,,,,,,0.9992,50,,,,,wbit,wbit,1,396.00,0.53,11,1,55,1997,
B_noise,,,,1.9,1.0,,,,,,3,3,0.2,4,,,,,,,,0.9995,50,,,,,wbit,wbit,1,1764.00,0.53,49,1,56,1998,
B_noise,,,,1.9,1.0,,,,,,3,3,0.2,4,,,,,,,,0.9991,50,,,,,wbit,wbit,1,468.00,0.53,13,1,57,1999,
B_noise,,,,1.9,1.0,,,,,,3,3,0.2,4,,,,,,,,0.9989,50,,,,,wbit,wbit,1,396.00,0.53,11,1,58,2000,
B_noise,,,,1.9,1.0,,,,,,3,3,0.2,4,,,,,,,,0.9993,50,,,,,wbit,wbit,1,864.00,0.53,24,1,59,2001,
B_noise,,,,1.9,1.0,,,,,,3,3,0.2,4,,,,,,,,0.9990,50,,,,,wbit,wbit,1,684.00,0.53,19,1,60,2002,
B_noise,,,,1.9,1.0,,,,,,3,3,0.2,4,,,,,,,,0.9993,50,,,,,wbit,wbit,1,1152.00,0.53,32,1,61,2003,
B_noise,,,,1.9,1.0,,,,,,3,3,0.2,4,,,,,,,,0.9991,50,,,,,wbit,wbit,1,432.00,0.53,12,1,62,2004,
B_noise,,,,1.9,1.0,,,,,,3,3,0.2,4,,,,,,,,0.9990,50,,,,,wbit,wbit,1,396.00,0.53,11,1,63,2005,
B_noise,,,,1.9,1.0,,,,,,3,3,0.2,4,,,,,,,,0.9991,50,,,,,wbit,wbit,1,468.00,0.53,13,1,64,2006,
B_noise,,,,1.9,1.0,,,,,,3,3,0.2,4,,,,,,,,0.9995,50,,,,,wbit,wbit,1,432.00,0.53,12,1,65,2007,
B_noise,,,,1.9,1.0,,,,,,3,3,0.2,4,,,,,,,,0.9990,50,,,,,wbit,wbit,1,684.00,0.53,19,1,66,2008,
B_noise,,,,1.9,1.0,,,,,,3,3,0.2,4,,,,,,,,0.9995,50,,,,,wbit,wbit,1,432.00,0.53,12,1,67,2009,
B_noise,,,,1.9,1.0,,,,,,3,3,0.2,4,,,,,,,,0.9994,50,,,,,wbit,wbit,1,864.00,0.53,24,1,68,2010,
B_noise,,,,1.9,1.0,,,,,,3,3,0.2,4,,,,,,,,0.9990,50,,,,,wbit,wbit,1,648.00,0.53,18,1,69,2011,
B_noise,,,,1.9,1.0,,,,,,3,3,0.2,4,,,,,,,,0.9991,50,,,,,wbit,wbit,1,432.00,0.53,12,1,70,2012,
B_noise,,,,1.9,1.0,,,,,,3,3,0.2,4,,,,,,,,0.9992,50,,,,,wbit,wbit,1,648.00,0.53,18,1,71,2013,
B_noise,,,,1.9,1.0,,,,,,3,3,0.2,4,,,,,,,,0.8262,50,,,,,wbit,wbit,1,1800.00,0.53,50,0,72,2014,
B_noise,,,,1.9,1.0,,,,,,3,3,0.2,4,,,,,,,,0.9990,50,,,,,wbit,wbit,1,396.00,0.53,11,1,73,2015,
B_noise,,,,1.9,1.0,,,,,,3,3,0.2,4,,,,,,,,0.9991,50,,,,,wbit,wbit,1,396.00,0.53,11,1,74,2016,
B_noise,,,,1.9,1.0,,,,,,3,3,0.2,4,,,,,,,,0.9991,50,,,,,wbit,wbit,1,396.00,0.53,11,1,75,2017,
B_noise,,,,1.9,1.0,,,,,,3,3,0.2,4,,,,,,,,0.9995,50,,,,,wbit,wbit,1,972.00,0.53,27,1,76,2018,
B_noise,,,,1.9,1.0,,,,,,3,3,0.2,4,,,,,,,,0.9990,50,,,,,wbit,wbit,1,468.00,0.53,13,1,77,2019,
B_noise,,,,1.9,1.0,,,,,,3,3,0.2,4,,,,,,,,0.9995,50,,,,,wbit,wbit,1,720.00,0.53,20,1,78,2020,
B_noise,,,,1.9,1.0,,,,,,3,3,0.2,4,,,,,,,,0.9994,50,,,,,wbit,wbit,1,432.00,0.53,12,1,79,2021,
B_noise,,,,1.9,1.0,,,,,,3,3,0.2,4,,,,,,,,0.9994,50,,,,,wbit,wbit,1,684.00,0.53,19,1,80,2022,
B_noise,,,,1.9,1.0,,,,,,3,3,0.2,4,,,,,,,,0.9994,50,,,,,wbit,wbit,1,828.00,0.53,23,1,81,2023,
B_noise,,,,1.9,1.0,,,,,,3,3,0.2,4,,,,,,,,0.9994,50,,,,,wbit,wbit,1,396.00,0.53,11,1,82,2024,
B_noise,,,,1.9,1.0,,,,,,3,3,0.2,4,,,,,,,,0.9991,50,,,,,wbit,wbit,1,396.00,0.53,11,1,83,2025,
B_noise,,,,1.9,1.0,,,,,,3,3,0.2,4,,,,,,,,0.9990,50,,,,,wbit,wbit,1,396.00,0.53,11,1,84,2026,
B_noise,,,,1.9,1.0,,,,,,3,3,0.2,4,,,,,,,,0.9993,50,,,,,wbit,wbit,1,1548.00,0.53,43,1,85,2027,
B_noise,,,,1.9,1.0,,,,,,3,3,0.2,4,,,,,,,,0.9993,50,,,,,wbit,wbit,1,468.00,0.53,13,1,86,2028,
B_noise,,,,1.9,1.0,,,,,,3,3,0.2,4,,,,,,,,0.9991,50,,,,,wbit,wbit,1,792.00,0.53,22,1,87,2029,
B_noise,,,,1.9,1.0,,,,,,3,3,0.2,4,,,,,,,,0.9991,50,,,,,wbit,wbit,1,396.00,0.53,11,1,88,2030,
B_noise,,,,1.9,1.0,,,,,,3,3,0.2,4,,,,,,,,0.9992,50,,,,,wbit,wbit,1,504.00,0.53,14,1,89,2031,
B_noise,,,,1.9,1.0,,,,,,3,3,0.2,4,,,,,,,,0.9990,50,,,,,wbit,wbit,1,504.00,0.53,14,1,90,2032,
B_noise,,,,1.9,1.0,,,,,,3,3,0.2,4,,,,,,,,0.9995,50,,,,,wbit,wbit,1,432.00,0.53,12,1,91,2033,
B_noise,,,,1.9,1.0,,,,,,3,3,0.2,4,,,,,,,,0.9994,50,,,,,wbit,wbit,1,540.00,0.53,15,1,92,2034,
B_noise,,,,1.9,1.0,,,,,,3,3,0.2,4,,,,,,,,0.9994,50,,,,,wbit,wbit,1,540.00,0.53,15,1,93,2035,
B_noise,,,,1.9,1.0,,,,,,3,3,0.2,4,,,,,,,,0.9993,50,,,,,wbit,wbit,1,792.00,0.53,22,1,94,2036,
B_noise,,,,1.9,1.0,,,,,,3,3,0.2,4,,,,,,,,0.9995,50,,,,,wbit,wbit,1,432.00,0.53,12,1,95,2037,
B_noise,,,,1.9,1.0,,,,,,3,3,0.2,4,,,,,,,,0.9992,50,,,,,wbit,wbit,1,648.00,0.53,18,1,96,2038,
B_noise,,,,1.9,1.0,,,,,,3,3,0.2,4,,,,,,,,0.9991,50,,,,,wbit,wbit,1,576.00,0.53,16,1,97,2039,
B_noise,,,,1.9,1.0,,,,,,3,3,0.2,4,,,,,,,,0.9991,50,,,,,wbit,wbit,1,900.00,0.53,25,1,98,2040,
B_noise,,,,1.9,1.0,,,,,,3,3,0.2,4,,,,,,,,0.9993,50,,,,,wbit,wbit,1,792.00,0.53,22,1,99,2041,
B_noise,,,,2.0,1.0,,,,,,3,3,0.2,4,,,,,,,,0.9991,50,,,,,wbit,wbit,1,396.00,0.50,11,1,0,2042,
B_noise,,,,2.0,1.0,,,,,,3,3,0.2,4,,,,,,,,0.9992,50,,,,,wbit,wbit,1,360.00,0.50,10,1,1,2043,
B_noise,,,,2.0,1.0,,,,,,3,3,0.2,4,,,,,,,,0.9994,50,,,,,wbit,wbit,1,972.00,0.50,27,1,2,2044,
B_noise,,,,2.0,1.0,,,,,,3,3,0.2,4,,,,,,,,0.9990,50,,,,,wbit,wbit,1,396.00,0.50,11,1,3,2045,
B_noise,,,,2.0,1.0,,,,,,3,3,0.2,4,,,,,,,,0.9989,50,,,,,wbit,wbit,1,432.00,0.50,12,1,4,2046,
B_noise,,,,2.0,1.0,,,,,,3,3,0.2,4,,,,,,,,0.9994,50,,,,,wbit,wbit,1,1188.00,0.50,33,1,5,2047,
B_noise,,,,2.0,1.0,,,,,,3,3,0.2,4,,,,,,,,0.9990,50,,,,,wbit,wbit,1,396.00,0.50,11,1,6,2048,
B_noise,,,,2.0,1.0,,,,,,3,3,0.2,4,,,,,,,,0.9993,50,,,,,wbit,wbit,1,900.00,0.50,25,1,7,2049,
B_noise,,,,2.0,1.0,,,,,,3,3,0.2,4,,,,,,,,0.7462,50,,,,,wbit,wbit,1,1800.00,0.50,50,0,8,2050,
B_noise,,,,2.0,1.0,,,,,,3,3,0.2,4,,,,,,,,0.9991,50,,,,,wbit,wbit,1,396.00,0.50,11,1,9,2051,
B_noise,,,,2.0,1.0,,,,,,3,3,0.2,4,,,,,,,,0.9995,50,,,,,wbit,wbit,1,576.00,0.50,16,1,10,2052,
B_noise,,,,2.0,1.0,,,,,,3,3,0.2,4,,,,,,,,0.9993,50,,,,,wbit,wbit,1,756.00,0.50,21,1,11,2053,
B_noise,,,,2.0,1.0,,,,,,3,3,0.2,4,,,,,,,,0.9990,50,,,,,wbit,wbit,1,396.00,0.50,11,1,12,2054,
B_noise,,,,2.0,1.0,,,,,,3,3,0.2,4,,,,,,,,0.9987,50,,,,,wbit,wbit,1,720.00,0.50,20,1,13,2055,
B_noise,,,,2.0,1.0,,,,,,3,3,0.2,4,,,,,,,,0.9992,50,,,,,wbit,wbit,1,612.00,0.50,17,1,14,2056,
B_noise,,,,2.0,1.0,,,,,,3,3,0.2,4,,,,,,,,0.9991,50,,,,,wbit,wbit,1,396.00,0.50,11,1,15,2057,
B_noise,,,,2.0,1.0,,,,,,3,3,0.2,4,,,,,,,,0.9993,50,,,,,wbit,wbit,1,720.00,0.50,20,1,16,2058,
B_noise,,,,2.0,1.0,,,,,,3,3,0.2,4,,,,,,,,0.9995,50,,,,,wbit,wbit,1,864.00,0.50,24,1,17,2059,
B_noise,,,,2.0,1.0,,,,,,3,3,0.2,4,,,,,,,,0.9991,50,,,,,wbit,wbit,1,360.00,0.50,10,1,18,2060,
B_noise,,,,2.0,1.0,,,,,,3,3,0.2,4,,,,,,,,0.9993,50,,,,,wbit,wbit,1,468.00,0.50,13,1,19,2061,
B_noise,,,,2.0,1.0,,,,,,3,3,0.2,4,,,,,,,,0.9992,50,,,,,wbit,wbit,1,648.00,0.50,18,1,20,2062,
B_noise,,,,2.0,1.0,,,,,,3,3,0.2,4,,,,,,,,0.9991,50,,,,,wbit,wbit,1,756.00,0.50,21,1,21,2063,
B_noise,,,,2.0,1.0,,,,,,3,3,0.2,4,,,,,,,,0.9995,50,,,,,wbit,wbit,1,972.00,0.50,27,1,22,2064,
B_noise,,,,2.0,1.0,,,,,,3,3,0.2,4,,,,,,,,0.9994,50,,,,,wbit,wbit,1,756.00,0.50,21,1,23,2065,
B_noise,,,,2.0,1.0,,,,,,3,3,0.2,4,,,,,,,,0.9991,50,,,,,wbit,wbit,1,396.00,0.50,11,1,24,2066,
B_noise,,,,2.0,1.0,,,,,,3,3,0.2,4,,,,,,,,0.9994,50,,,,,wbit,wbit,1,576.00,0.50,16,1,25,2067,
B_noise,,,,2.0,1.0,,,,,,3,3,0.2,4,,,,,,,,0.9991,50,,,,,wbit,wbit,1,1584.00,0.50,44,1,26,2068,
B_noise,,,,2.0,1.0,,,,,,3,3,0.2,4,,,,,,,,0.9992,50,,,,,wbit,wbit,1,360.00,0.50,10,1,27,2069,
B_noise,,,,2.0,1.0,,,,,,3,3,0.2,4,,,,,,,,0.9964,50,,,,,wbit,wbit,1,360.00,0.50,10,1,28,2070,
B_noise,,,,2.0,1.0,,,,,,3,3,0.2,4,,,,,,,,0.9995,50,,,,,wbit,wbit,1,540.00,0.50,15,1,29,2071,
B_noise,,,,2.0,1.0,,,,,,3,3,0.2,4,,,,,,,,0.9992,50,,,,,wbit,wbit,1,396.00,0.50,11,1,30,2072,
B_noise,,,,2.0,1.0,,,,,,3,3,0.2,4,,,,,,,,0.9991,50,,,,,wbit,wbit,1,1008.00,0.50,28,1,31,2073,
B_noise,,,,2.0,1.0,,,,,,3,3,0.2,4,,,,,,,,0.9991,50,,,,,wbit,wbit,1,540.00,0.50,15,1,32,2074,
B_noise,,,,2.0,1.0,,,,,,3,3,0.2,4,,,,,,,,0.9991,50,,,,,wbit,wbit,1,972.00,0.50,27,1,33,2075,
B_noise,,,,2.0,1.0,,,,,,3,3,0.2,4,,,,,,,,0.9992,50,,,,,wbit,wbit,1,648.00,0.50,18,1,34,2076,
B_noise,,,,2.0,1.0,,,,,,3,3,0.2,4,,,,,,,,0.9994,50,,,,,wbit,wbit,1,576.00,0.50,16,1,35,2077,
B_noise,,,,2.0,1.0,,,,,,3,3,0.2,4,,,,,,,,0.9992,50,,,,,wbit,wbit,1,684.00,0.50,19,1,36,2078,
B_noise,,,,2.0,1.0,,,,,,3,3,0.2,4,,,,,,,,0.9987,50,,,,,wbit,wbit,1,396.00,0.50,11,1,37,2079,
B_noise,,,,2.0,1.0,,,,,,3,3,0.2,4,,,,,,,,0.9995,50,,,,,wbit,wbit,1,936.00,0.50,26,1,38,2080,
B_noise,,,,2.0,1.0,,,,,,3,3,0.2,4,,,,,,,,0.9991,50,,,,,wbit,wbit,1,396.00,0.50,11,1,39,2081,
B_noise,,,,2.0,1.0,,,,,,3,3,0.2,4,,,,,,,,0.9992,50,,,,,wbit,wbit,1,864.00,0.50,24,1,40,2082,
B_noise,,,,2.0,1.0,,,,,,3,3,0.2,4,,,,,,,,0.9995,50,,,,,wbit,wbit,1,432.00,0.50,12,1,41,2083,
B_noise,,,,2.0,1.0,,,,,,3,3,0.2,4,,,,,,,,0.9992,50,,,,,wbit,wbit,1,396.00,0.50,11,1,42,2084,
B_noise,,,,2.0,1.0,,,,,,3,3,0.2,4,,,,,,,,0.9994,50,,,,,wbit,wbit,1,432.00,0.50,12,1,43,2085,
B_noise,,,,2.0,1.0,,,,,,3,3,0.2,4,,,,,,,,0.9993,50,,,,,wbit,wbit,1,432.00,0.50,12,1,44,2086,
B_noise,,,,2.0,1.0,,,,,,3,3,0.2,4,,,,,,,,0.9960,50,,,,,wbit,wbit,1,324.00,0.50,9,1,45,2087,
B_noise,,,,2.0,1.0,,,,,,3,3,0.2,4,,,,,,,,0.9990,50,,,,,wbit,wbit,1,396.00,0.50,11,1,46,2088,
B_noise,,,,2.0,1.0,,,,,,3,3,0.2,4,,,,,,,,0.9992,50,,,,,wbit,wbit,1,576.00,0.50,16,1,47,2089,
B_noise,,,,2.0,1.0,,,,,,3,3,0.2,4,,,,,,,,0.9990,50,,,,,wbit,wbit,1,1008.00,0.50,28,1,48,2090,
B_noise,,,,2.0,1.0,,,,,,3,3,0.2,4,,,,,,,,0.9993,50,,,,,wbit,wbit,1,720.00,0.50,20,1,49,2091,
B_noise,,,,2.0,1.0,,,,,,3,3,0.2,4,,,,,,,,0.9994,50,,,,,wbit,wbit,1,504.00,0.50,14,1,50,2092,
B_noise,,,,2.0,1.0,,,,,,3,3,0.2,4,,,,,,,,0.9994,50,,,,,wbit,wbit,1,1008.00,0.50,28,1,51,2093,
B_noise,,,,2.0,1.0,,,,,,3,3,0.2,4,,,,,,,,0.9991,50,,,,,wbit,wbit,1,828.00,0.50,23,1,52,2094,
B_noise,,,,2.0,1.0,,,,,,3,3,0.2,4,,,,,,,,0.9991,50,,,,,wbit,wbit,1,1224.00,0.50,34,1,53,2095,
B_noise,,,,2.0,1.0,,,,,,3,3,0.2,4,,,,,,,,0.9986,50,,,,,wbit,wbit,1,648.00,0.50,18,1,54,2096,
B_noise,,,,2.0,1.0,,,,,,3,3,0.2,4,,,,,,,,0.9994,50,,,,,wbit,wbit,1,612.00,0.50,17,1,55,2097,
B_noise,,,,2.0,1.0,,,,,,3,3,0.2,4,,,,,,,,0.9989,50,,,,,wbit,wbit,1,1152.00,0.50,32,1,56,2098,
B_noise,,,,2.0,1.0,,,,,,3,3,0.2,4,,,,,,,,0.9991,50,,,,,wbit,wbit,1,396.00,0.50,11,1,57,2099,
B_noise,,,,2.0,1.0,,,,,,3,3,0.2,4,,,,,,,,0.9990,50,,,,,wbit,wbit,1,396.00,0.50,11,1,58,2100,
B_noise,,,,2.0,1.0,,,,,,3,3,0.2,4,,,,,,,,0.9994,50,,,,,wbit,wbit,1,1332.00,0.50,37,1,59,2101,
B_noise,,,,2.0,1.0,,,,,,3,3,0.2,4,,,,,,,,0.9990,50,,,,,wbit,wbit,1,864.00,0.50,24,1,60,2102,
B_noise,,,,2.0,1.0,,,,,,3,3,0.2,4,,,,,,,,0.9994,50,,,,,wbit,wbit,1,864.00,0.50,24,1,61,2103,
B_noise,,,,2.0,1.0,,,,,,3,3,0.2,4,,,,,,,,0.9994,50,,,,,wbit,wbit,1,936.00,0.50,26,1,62,2104,
B_noise,,,,2.0,1.0,,,,,,3,3,0.2,4,,,,,,,,0.9994,50,,,,,wbit,wbit,1,432.00,0.50,12,1,63,2105,
B_noise,,,,2.0,1.0,,,,,,3,3,0.2,4,,,,,,,,0.9992,50,,,,,wbit,wbit,1,360.00,0.50,10,1,64,2106,
B_noise,,,,2.0,1.0,,,,,,3,3,0.2,4,,,,,,,,0.9992,50,,,,,wbit,wbit,1,432.00,0.50,12,1,65,2107,
B_noise,,,,2.0,1.0,,,,,,3,3,0.2,4,,,,,,,,0.9993,50,,,,,wbit,wbit,1,720.00,0.50,20,1,66,2108,
B_noise,,,,2.0,1.0,,,,,,3,3,0.2,4,,,,,,,,0.9995,50,,,,,wbit,wbit,1,612.00,0.50,17,1,67,2109,
B_noise,,,,2.0,1.0,,,,,,3,3,0.2,4,,,,,,,,0.9991,50,,,,,wbit,wbit,1,396.00,0.50,11,1,68,2110,
B_noise,,,,2.0,1.0,,,,,,3,3,0.2,4,,,,,,,,0.9994,50,,,,,wbit,wbit,1,540.00,0.50,15,1,69,2111,
B_noise,,,,2.0,1.0,,,,,,3,3,0.2,4,,,,,,,,0.9993,50,,,,,wbit,wbit,1,468.00,0.50,13,1,70,2112,
B_noise,,,,2.0,1.0,,,,,,3,3,0.2,4,,,,,,,,0.9994,50,,,,,wbit,wbit,1,432.00,0.50,12,1,71,2113,
B_noise,,,,2.0,1.0,,,,,,3,3,0.2,4,,,,,,,,0.9994,50,,,,,wbit,wbit,1,1188.00,0.50,33,1,72,2114,
B_noise,,,,2.0,1.0,,,,,,3,3,0.2,4,,,,,,,,0.9994,50,,,,,wbit,wbit,1,504.00,0.50,14,1,73,2115,
B_noise,,,,2.0,1.0,,,,,,3,3,0.2,4,,,,,,,,0.9990,50,,,,,wbit,wbit,1,540.00,0.50,15,1,74,2116,
B_noise,,,,2.0,1.0,,,,,,3,3,0.2,4,,,,,,,,0.9990,50,,,,,wbit,wbit,1,1188.00,0.50,33,1,75,2117,
B_noise,,,,2.0,1.0,,,,,,3,3,0.2,4,,,,,,,,0.9993,50,,,,,wbit,wbit,1,504.00,0.50,14,1,76,2118,
B_noise,,,,2.0,1.0,,,,,,3,3,0.2,4,,,,,,,,0.9991,50,,,,,wbit,wbit,1,396.00,0.50,11,1,77,2119,
B_noise,,,,2.0,1.0,,,,,,3,3,0.2,4,,,,,,,,0.9667,50,,,,,wbit,wbit,1,1800.00,0.50,50,1,78,2120,
B_noise,,,,2.0,1.0,,,,,,3,3,0.2,4,,,,,,,,0.9992,50,,,,,wbit,wbit,1,504.00,0.50,14,1,79,2121,
B_noise,,,,2.0,1.0,,,,,,3,3,0.2,4,,,,,,,,0.9991,50,,,,,wbit,wbit,1,396.00,0.50,11,1,80,2122,
B_noise,,,,2.0,1.0,,,,,,3,3,0.2,4,,,,,,,,0.9995,50,,,,,wbit,wbit,1,1152.00,0.50,32,1,81,2123,
B_noise,,,,2.0,1.0,,,,,,3,3,0.2,4,,,,,,,,0.9990,50,,,,,wbit,wbit,1,612.00,0.50,17,1,82,2124,
B_noise,,,,2.0,1.0,,,,,,3,3,0.2,4,,,,,,,,0.9990,50,,,,,wbit,wbit,1,720.00,0.50,20,1,83,2125,
B_noise,,,,2.0,1.0,,,,,,3,3,0.2,4,,,,,,,,0.9994,50,,,,,wbit,wbit,1,900.00,0.50,25,1,84,2126,
B_noise,,,,2.0,1.0,,,,,,3,3,0.2,4,,,,,,,,0.9991,50,,,,,wbit,wbit,1,396.00,0.50,11,1,85,2127,
B_noise,,,,2.0,1.0,,,,,,3,3,0.2,4,,,,,,,,0.9992,50,,,,,wbit,wbit,1,792.00,0.50,22,1,86,2128,
B_noise,,,,2.0,1.0,,,,,,3,3,0.2,4,,,,,,,,0.9991,50,,,,,wbit,wbit,1,396.00,0.50,11,1,87,2129,
B_noise,,,,2.0,1.0,,,,,,3,3,0.2,4,,,,,,,,0.9995,50,,,,,wbit,wbit,1,792.00,0.50,22,1,88,2130,
B_noise,,,,2.0,1.0,,,,,,3,3,0.2,4,,,,,,,,0.9993,50,,,,,wbit,wbit,1,468.00,0.50,13,1,89,2131,
B_noise,,,,2.0,1.0,,,,,,3,3,0.2,4,,,,,,,,0.9994,50,,,,,wbit,wbit,1,900.00,0.50,25,1,90,2132,
B_noise,,,,2.0,1.0,,,,,,3,3,0.2,4,,,,,,,,0.9992,50,,,,,wbit,wbit,1,396.00,0.50,11,1,91,2133,
B_noise,,,,2.0,1.0,,,,,,3,3,0.2,4,,,,,,,,0.9991,50,,,,,wbit,wbit,1,540.00,0.50,15,1,92,2134,
B_noise,,,,2.0,1.0,,,,,,3,3,0.2,4,,,,,,,,0.9990,50,,,,,wbit,wbit,1,1080.00,0.50,30,1,93,2135,
B_noise,,,,2.0,1.0,,,,,,3,3,0.2,4,,,,,,,,0.9994,50,,,,,wbit,wbit,1,684.00,0.50,19,1,94,2136,
B_noise,,,,2.0,1.0,,,,,,3,3,0.2,4,,,,,,,,0.9994,50,,,,,wbit,wbit,1,756.00,0.50,21,1,95,2137,
B_noise,,,,2.0,1.0,,,,,,3,3,0.2,4,,,,,,,,0.9991,50,,,,,wbit,wbit,1,396.00,0.50,11,1,96,2138,
B_noise,,,,2.0,1.0,,,,,,3,3,0.2,4,,,,,,,,0.9975,50,,,,,wbit,wbit,1,1800.00,0.50,50,1,97,2139,
B_noise,,,,2.0,1.0,,,,,,3,3,0.2,4,,,,,,,,0.9981,50,,,,,wbit,wbit,1,504.00,0.50,14,1,98,2140,
B_noise,,,,2.0,1.0,,,,,,3,3,0.2,4,,,,,,,,0.9991,50,,,,,wbit,wbit,1,504.00,0.50,14,1,99,2141,
C,,,,,,0,True,0,110.5,,,,,,,,,,,,,,,0.75,0.499,,,,,,,,,,,,6
C,,,,,,1,True,1,184.0,,,,,,,,,,,,,,,1.0,0.0065,,,,,,,,,,,,6
C,,,,,,2,True,1,235.0,,,,,,,,,,,,,,,1.0,0.00565,,,,,,,,,,,,6
C,,,,,,4,True,1,343.0,,,,,,,,,,,,,,,1.0,0.006216666666666667,,,,,,,,,,,,6
